0.6423103,0.6423103,0.6423103,0.6423103,0.6423103,0.6423103,0.6423103,0.6423103,0.6423103,0.6423103,0.6423103,0.6423103,0.6423103,0.6423103,0.6423103,0.6423103,0.6423103,0.6423103,0.6423103,0.6423103,0.6423103,0.6423103,0.6423103,0.6423103,0.6423103,0.6423103,0.6423103,0.6423103,0.6423103,0.6423103,0.6423103,0.6423103,0.6423103,0.6423103,0.6423103,0.6423103,0.6423103,0.6423103,0.6423103,0.6423103,0.6423103,0.6423103,0.6423103,0.6423103,0.6423103,0.6423103,0.6423103,0.6423103,0.6423103,0.6423103,0.6423103,0.6423103,0.6423103,0.6423103,0.6423103,0.6423103,0.6423103,0.6423103,0.6423103,0.6423103,0.6423103,0.6423103,0.6423103,0.6423103,0.6423103,0.6423103,0.6423103,0.6423103,0.6423103,0.6423103,0.6423103,0.6423103,0.6423103,0.6423103,0.6423103,0.6423103,0.6423103,0.6423103,0.6423103,0.6423103,0.6423103,0.6423103,0.6423103,0.6423103,0.6423103,0.6423103,0.6423103,0.6423103,0.6423103,0.6423103,0.6423103,0.6423103,0.6423103,0.6423103,0.6423103,0.6423103,0.6423103
0.6423103,0.6423103,0.6423103,0.6423103,0.6423103,0.6423103,0.6423103,0.6423103,0.6423103,0.6423103,0.6423103,0.6423103,0.6423103,0.6423103,0.6423103,0.6423103,0.6423103,0.6423103,0.6423103,0.6423103,0.6423103,0.6423103,0.6423103,0.6423103,0.6423103,0.6423103,0.6423103,0.6423103,0.6423103,0.6423103,0.6423103,0.6423103,0.6423103,0.6423103,0.6423103,0.6423103,0.6423103,0.6423103,0.6423103,0.6423103,0.6423103,0.6423103,0.6423103,0.6423103,0.6423103,0.6423103,0.6423103,0.6423103,0.6423103,0.6423103,0.6423103,0.6423103,0.6423103,0.6423103,0.6423103,0.6423103,0.6423103,0.6423103,0.6423103,0.6423103,0.6423103,0.6423103,0.6423103,0.6423103,0.6423103,0.6423103,0.6423103,0.6423103,0.6423103,0.6423103,0.6423103,0.6423103,0.6423103,0.6423103,0.6423103,0.6423103,0.6423103,0.6423103,0.6423103,0.6423103,0.6423103,0.6423103,0.6423103,0.6423103,0.6423103,0.6423103,0.6423103,0.6423103,0.6423103,0.6423103,0.6423103,0.6423103,0.6423103,0.6423103,0.6423103,0.6423103,0.6423103
0.6423103,0.6423103,0.6423103,0.6423103,0.6423103,0.6423103,0.6423103,0.6423103,0.6423103,0.6423103,0.6423103,0.6423103,0.6423103,0.6423103,0.6423103,0.6423103,0.6423103,0.6423103,0.6423103,0.6423103,0.6423103,0.6423103,0.6423103,0.6423103,0.6423103,0.6423103,0.6423103,0.6423103,0.6423103,0.6423103,0.6423103,0.6423103,0.6423103,0.6423103,0.6423103,0.6423103,0.6423103,0.6423103,0.6423103,0.6423103,0.6423103,0.6423103,0.6423103,0.6423103,0.6423103,0.6423103,0.6423103,0.6423103,0.6423103,0.6423103,0.6423103,0.6423103,0.6423103,0.6423103,0.6423103,0.6423103,0.6423103,0.6423103,0.6423103,0.6423103,0.6423103,0.6423103,0.6423103,0.6423103,0.6423103,0.6423103,0.6423103,0.6423103,0.6423103,0.6423103,0.6423103,0.6423103,0.6423103,0.6423103,0.6423103,0.6423103,0.6423103,0.6423103,0.6423103,0.6423103,0.6423103,0.6423103,0.6423103,0.6423103,0.6423103,0.6423103,0.6423103,0.6423103,0.6423103,0.6423103,0.6423103,0.6423103,0.6423103,0.6423103,0.6423103,0.6423103,0.6423103
0.6423103,0.6423103,0.6423103,0.6423103,0.6423103,0.6423103,0.6423103,0.6423103,0.6423103,0.6423103,0.6423103,0.6423103,0.6423103,0.6423103,0.6423103,0.6423103,0.6423103,0.6423103,0.6423103,0.6423103,0.6423103,0.6423103,0.6423103,0.6423103,0.6423103,0.6423103,0.6423103,0.6423103,0.6423103,0.6423103,0.6423103,0.6423103,0.6423103,0.6423103,0.6423103,0.6423103,0.6423103,0.6423103,0.6423103,0.6423103,0.6423103,0.6423103,0.6423103,0.6423103,0.6423103,0.6423103,0.6423103,0.6423103,0.6423103,0.6423103,0.6423103,0.6423103,0.6423103,0.6423103,0.6423103,0.6423103,0.6423103,0.6423103,0.6423103,0.6423103,0.6423103,0.6423103,0.6423103,0.6423103,0.6423103,0.6423103,0.6423103,0.6423103,0.6423103,0.6423103,0.6423103,0.6423103,0.6423103,0.6423103,0.6423103,0.6423103,0.6423103,0.6423103,0.6423103,0.6423103,0.6423103,0.6423103,0.6423103,0.6423103,0.6423103,0.6423103,0.6423103,0.6423103,0.6423103,0.6423103,0.6423103,0.6423103,0.6423103,0.6423103,0.6423103,0.6423103,0.6423103
0.6423103,0.6423103,0.6423103,0.6423103,0.6423103,0.6423103,0.6423103,0.6423103,0.6423103,0.6423103,0.6423103,0.6423103,0.6423103,0.6423103,0.6423103,0.6423103,0.6423103,0.6423103,0.6423103,0.6423103,0.6423103,0.6423103,0.6423103,0.6423103,0.6423103,0.6423103,0.6423103,0.6423103,0.6423103,0.6423103,0.6423103,0.6423103,0.6423103,0.6423103,0.6423103,0.6423103,0.6423103,0.6423103,0.6423103,0.6423103,0.6423103,0.6423103,0.6423103,0.6423103,0.6423103,0.6423103,0.6423103,0.6423103,0.6423103,0.6423103,0.6423103,0.6423103,0.6423103,0.6423103,0.6423103,0.6423103,0.6423103,0.6423103,0.6423103,0.6423103,0.6423103,0.6423103,0.6423103,0.6423103,0.6423103,0.6423103,0.6423103,0.6423103,0.6423103,0.6423103,0.6423103,0.6423103,0.6423103,0.6423103,0.6423103,0.6423103,0.6423103,0.6423103,0.6423103,0.6423103,0.6423103,0.6423103,0.6423103,0.6423103,0.6423103,0.6423103,0.6423103,0.6423103,0.6423103,0.6423103,0.6423103,0.6423103,0.6423103,0.6423103,0.6423103,0.6423103,0.6423103
0.6423103,0.6423103,0.6423103,0.6423103,0.6423103,0.6423103,0.6423103,0.6423103,0.6423103,0.6423103,0.6423103,0.6423103,0.6423103,0.6423103,0.6423103,0.6423103,0.6423103,0.6423103,0.6423103,0.6423103,0.6423103,0.6423103,0.6423103,0.6423103,0.6423103,0.6423103,0.6423103,0.6423103,0.6423103,0.6423103,0.6423103,0.6423103,0.6423103,0.6423103,0.6423103,0.6423103,0.6423103,0.6423103,0.6423103,0.6423103,0.6423103,0.6423103,0.6423103,0.6423103,0.6423103,0.6423103,0.6423103,0.6423103,0.6423103,0.6423103,0.6423103,0.6423103,0.6423103,0.6423103,0.6423103,0.6423103,0.6423103,0.6423103,0.6423103,0.6423103,0.6423103,0.6423103,0.6423103,0.6423103,0.6423103,0.6423103,0.6423103,0.6423103,0.6423103,0.6423103,0.6423103,0.6423103,0.6423103,0.6423103,0.6423103,0.6423103,0.6423103,0.6423103,0.6423103,0.6423103,0.6423103,0.6423103,0.6423103,0.6423103,0.6423103,0.6423103,0.6423103,0.6423103,0.6423103,0.6423103,0.6423103,0.6423103,0.6423103,0.6423103,0.6423103,0.6423103,0.6423103
0.6423103,0.6423103,0.6423103,0.6423103,0.6423103,0.6423103,0.6423103,0.6423103,0.6423103,0.6423103,0.6423103,0.6423103,0.6423103,0.6423103,0.6423103,0.6423103,0.6423103,0.6423103,0.6423103,0.6423103,0.6423103,0.6423103,0.6423103,0.6423103,0.6423103,0.6423103,0.6423103,0.6423103,0.6423103,0.6423103,0.6423103,0.6423103,0.6423103,0.6423103,0.6423103,0.6423103,0.6423103,0.6423103,0.6423103,0.6423103,0.6423103,0.6423103,0.6423103,0.6423103,0.6423103,0.6423103,0.6423103,0.6423103,0.6423103,0.6423103,0.6423103,0.6423103,0.6423103,0.6423103,0.6423103,0.6423103,0.6423103,0.6423103,0.6423103,0.6423103,0.6423103,0.6423103,0.6423103,0.6423103,0.6423103,0.6423103,0.6423103,0.6423103,0.6423103,0.6423103,0.6423103,0.6423103,0.6423103,0.6423103,0.6423103,0.6423103,0.6423103,0.6423103,0.6423103,0.6423103,0.6423103,0.6423103,0.6423103,0.6423103,0.6423103,0.6423103,0.6423103,0.6423103,0.6423103,0.6423103,0.6423103,0.6423103,0.6423103,0.6423103,0.6423103,0.6423103,0.6423103
0.6423103,0.6423103,0.6423103,0.6423103,0.6423103,0.6423103,0.6423103,0.6423103,0.6423103,0.6423103,0.6423103,0.6423103,0.6423103,0.6423103,0.6423103,0.6423103,0.6423103,0.6423103,0.6423103,0.6423103,0.6423103,0.6423103,0.6423103,0.6423103,0.6423103,0.6423103,0.6423103,0.6423103,0.6423103,0.6423103,0.6423103,0.6423103,0.6423103,0.6423103,0.6423103,0.6423103,0.6423103,0.6423103,0.6423103,0.6423103,0.6423103,0.6423103,0.6423103,0.6423103,0.6423103,0.6423103,0.6423103,0.6423103,0.6423103,0.6423103,0.6423103,0.6423103,0.6423103,0.6423103,0.6423103,0.6423103,0.6423103,0.6423103,0.6423103,0.6423103,0.6423103,0.6423103,0.6423103,0.6423103,0.6423103,0.6423103,0.6423103,0.6423103,0.6423103,0.6423103,0.6423103,0.6423103,0.6423103,0.6423103,0.6423103,0.6423103,0.6423103,0.6423103,0.6423103,0.6423103,0.6423103,0.6423103,0.6423103,0.6423103,0.6423103,0.6423103,0.6423103,0.6423103,0.6423103,0.6423103,0.6423103,0.6423103,0.6423103,0.6423103,0.6423103,0.6423103,0.6423103
0.6423103,0.6423103,0.6423103,0.6423103,0.6423103,0.6423103,0.6423103,0.6423103,0.6423103,0.6423103,0.6423103,0.6423103,0.6423103,0.6423103,0.6423103,0.6423103,0.6423103,0.6423103,0.6423103,0.6423103,0.6423103,0.6423103,0.6423103,0.6423103,0.6423103,0.6423103,0.6423103,0.6423103,0.6423103,0.6423103,0.6423103,0.6423103,0.6423103,0.6423103,0.6423103,0.6423103,0.6423103,0.6423103,0.6423103,0.6423103,0.6423103,0.6423103,0.6423103,0.6423103,0.6423103,0.6423103,0.6423103,0.6423103,0.6423103,0.6423103,0.6423103,0.6423103,0.6423103,0.6423103,0.6423103,0.6423103,0.6423103,0.6423103,0.6423103,0.6423103,0.6423103,0.6423103,0.6423103,0.6423103,0.6423103,0.6423103,0.6423103,0.6423103,0.6423103,0.6423103,0.6423103,0.6423103,0.6423103,0.6423103,0.6423103,0.6423103,0.6423103,0.6423103,0.6423103,0.6423103,0.6423103,0.6423103,0.6423103,0.6423103,0.6423103,0.6423103,0.6423103,0.6423103,0.6423103,0.6423103,0.6423103,0.6423103,0.6423103,0.6423103,0.6423103,0.6423103,0.6423103
0.6423103,0.6423103,0.6423103,0.6423103,0.6423103,0.6423103,0.6423103,0.6423103,0.6423103,0.6423103,0.6423103,0.6423103,0.6423103,0.6423103,0.6423103,0.6423103,0.6423103,0.6423103,0.6423103,0.6423103,0.6423103,0.6423103,0.6423103,0.6423103,0.6423103,0.6423103,0.6423103,0.6423103,0.6423103,0.6423103,0.6423103,0.6423103,0.6423103,0.6423103,0.6423103,0.6423103,0.6423103,0.6423103,0.6423103,0.6423103,0.6423103,0.6423103,0.6423103,0.6423103,0.6423103,0.6423103,0.6423103,0.6423103,0.6423103,0.6423103,0.6423103,0.6423103,0.6423103,0.6423103,0.6423103,0.6423103,0.6423103,0.6423103,0.6423103,0.6423103,0.6423103,0.6423103,0.6423103,0.6423103,0.6423103,0.6423103,0.6423103,0.6423103,0.6423103,0.6423103,0.6423103,0.6423103,0.6423103,0.6423103,0.6423103,0.6423103,0.6423103,0.6423103,0.6423103,0.6423103,0.6423103,0.6423103,0.6423103,0.6423103,0.6423103,0.6423103,0.6423103,0.6423103,0.6423103,0.6423103,0.6423103,0.6423103,0.6423103,0.6423103,0.6423103,0.6423103,0.6423103
0.6423103,0.6423103,0.6423103,0.6423103,0.6423103,0.6423103,0.6423103,0.6423103,0.6423103,0.6423103,0.6423103,0.6423103,0.6423103,0.6423103,0.6423103,0.6423103,0.6423103,0.6423103,0.6423103,0.6423103,0.6423103,0.6423103,0.6423103,0.6423103,0.6423103,0.6423103,0.6423103,0.6423103,0.6423103,0.6423103,0.6423103,0.6423103,0.6423103,0.6423103,0.6423103,0.6423103,0.6423103,0.6423103,0.6423103,0.6423103,0.6423103,0.6423103,0.6423103,0.6423103,0.6423103,0.6423103,0.6423103,0.6423103,0.6423103,0.6423103,0.6423103,0.6423103,0.6423103,0.6423103,0.6423103,0.6423103,0.6423103,0.6423103,0.6423103,0.6423103,0.6423103,0.6423103,0.6423103,0.6423103,0.6423103,0.6423103,0.6423103,0.6423103,0.6423103,0.6423103,0.6423103,0.6423103,0.6423103,0.6423103,0.6423103,0.6423103,0.6423103,0.6423103,0.6423103,0.6423103,0.6423103,0.6423103,0.6423103,0.6423103,0.6423103,0.6423103,0.6423103,0.6423103,0.6423103,0.6423103,0.6423103,0.6423103,0.6423103,0.6423103,0.6423103,0.6423103,0.6423103
0.6423103,0.6423103,0.6423103,0.6423103,0.6423103,0.6423103,0.6423103,0.6423103,0.6423103,0.6423103,0.6423103,0.6423103,0.6423103,0.6423103,0.6423103,0.6423103,0.6423103,0.6423103,0.6423103,0.6423103,0.6423103,0.6423103,0.6423103,0.6423103,0.6423103,0.6423103,0.6423103,0.6423103,0.6423103,0.6423103,0.6423103,0.6423103,0.6423103,0.6423103,0.6423103,0.6423103,0.6423103,0.6423103,0.6423103,0.6423103,0.6423103,0.6423103,0.6423103,0.6423103,0.6423103,0.6423103,0.6423103,0.6423103,0.6423103,0.6423103,0.6423103,0.6423103,0.6423103,0.6423103,0.6423103,0.6423103,0.6423103,0.6423103,0.6423103,0.6423103,0.6423103,0.6423103,0.6423103,0.6423103,0.6423103,0.6423103,0.6423103,0.6423103,0.6796523,0.7778624,0.8484718,0.8697889,0.8701089,0.8574181,0.8164045,0.7479557,0.6674898,0.6423103,0.6423103,0.6423103,0.6423103,0.6423103,0.6423103,0.6423103,0.6423103,0.6423103,0.6423103,0.6423103,0.6423103,0.6423103,0.6423103,0.6423103,0.6423103,0.6423103,0.6423103,0.6423103,0.6423103
0.6423103,0.6423103,0.6423103,0.6423103,0.6423103,0.6423103,0.6423103,0.6423103,0.6423103,0.6423103,0.6423103,0.6423103,0.6423103,0.6423103,0.6423103,0.6423103,0.6423103,0.6423103,0.6423103,0.6423103,0.6423103,0.6423103,0.6423103,0.6423103,0.6423103,0.6423103,0.6423103,0.6423103,0.6423103,0.6423103,0.6423103,0.6423103,0.6423103,0.6423103,0.6423103,0.6423103,0.6423103,0.6423103,0.6423103,0.6423103,0.6423103,0.6423103,0.6423103,0.6423103,0.6423103,0.6423103,0.6423103,0.6423103,0.6423103,0.6423103,0.6423103,0.6423103,0.6423103,0.6423103,0.6423103,0.6423103,0.6423103,0.6423103,0.6423103,0.6423103,0.6423103,0.6423103,0.6423103,0.6423103,0.6423103,0.6423103,0.6555562,0.8375257,1.049073,1.181018,1.247381,1.264322,1.264614,1.255564,1.223622,1.157782,1.047827,0.8960121,0.7296993,0.6423103,0.6423103,0.6423103,0.6423103,0.6423103,0.6423103,0.6423103,0.6423103,0.6423103,0.6423103,0.6423103,0.6423103,0.6423103,0.6423103,0.6423103,0.6423103,0.6423103,0.6423103
0.6423103,0.6423103,0.6423103,0.6423103,0.6423103,0.6423103,0.6423103,0.6423103,0.6423103,0.6423103,0.6423103,0.6423103,0.6423103,0.6423103,0.6423103,0.6423103,0.6423103,0.6423103,0.6423103,0.6423103,0.6423103,0.6423103,0.6423103,0.6423103,0.6423103,0.6423103,0.6423103,0.6423103,0.6423103,0.6423103,0.6423103,0.6423103,0.6423103,0.6423103,0.6423103,0.6423103,0.6423103,0.6423103,0.6423103,0.6423103,0.6423103,0.6423103,0.6423103,0.6423103,0.6423103,0.6423103,0.6423103,0.6423103,0.6423103,0.6423103,0.6423103,0.6423103,0.6423103,0.6423103,0.6423103,0.6423103,0.6423103,0.6423103,0.6423103,0.6423103,0.6423103,0.6423103,0.6423103,0.6423103,0.6423103,0.7406204,1.008658,1.233855,1.350956,1.401066,1.435675,1.44626,1.446473,1.441101,1.424006,1.394234,1.355805,1.291819,1.152733,0.9580889,0.7551897,0.6423103,0.6423103,0.6423103,0.6423103,0.6423103,0.6423103,0.6423103,0.6423103,0.6423103,0.6423103,0.6423103,0.6423103,0.6423103,0.6423103,0.6423103,0.6423103
0.6423103,0.6423103,0.6423103,0.6423103,0.6423103,0.6423103,0.6423103,0.6423103,0.6423103,0.6423103,0.6423103,0.6423103,0.6423103,0.6423103,0.6423103,0.6423103,0.6423103,0.6423103,0.6423103,0.6423103,0.6423103,0.6423103,0.6423103,0.6423103,0.6423103,0.6423103,0.6423103,0.6423103,0.6423103,0.6423103,0.6423103,0.6423103,0.6423103,0.6539196,0.7218025,0.7974851,0.8592321,0.893088,0.8822718,0.8281029,0.742183,0.6529018,0.6423103,0.6423103,0.6423103,0.6423103,0.6423103,0.6423103,0.6423103,0.6423103,0.6423103,0.6423103,0.6423103,0.6423103,0.6423103,0.6423103,0.6423103,0.6423103,0.6423103,0.6423103,0.6423103,0.6423103,0.6423103,0.6813678,0.8998187,1.159645,1.341498,1.428463,1.525411,1.596847,1.640353,1.653095,1.653361,1.647232,1.627495,1.590668,1.538137,1.470349,1.3966,1.327465,1.183744,0.9746429,0.7667814,0.6423103,0.6423103,0.6423103,0.6423103,0.6423103,0.6423103,0.6423103,0.6423103,0.6423103,0.6423103,0.6423103,0.6423103,0.6423103,0.6423103
0.6423103,0.6423103,0.6423103,0.6423103,0.6423103,0.6423103,0.6423103,0.6423103,0.6423103,0.6423103,0.6423103,0.6423103,0.6423103,0.6423103,0.6423103,0.6423103,0.6423103,0.6423103,0.6423103,0.6423103,0.6423103,0.6423103,0.6423103,0.6423103,0.6423103,0.6423103,0.6423103,0.6423103,0.6423103,0.6423103,0.6423103,0.7032115,0.8186049,0.9492288,1.077983,1.17885,1.244697,1.278088,1.277148,1.24165,1.161378,1.025307,0.8594555,0.6995686,0.6423103,0.6423103,0.6423103,0.6423103,0.6423103,0.6423103,0.6423103,0.6423103,0.6423103,0.6423103,0.6423103,0.6423103,0.6423103,0.6423103,0.6423103,0.6423103,0.6423103,0.7256427,0.897723,1.11453,1.305451,1.401337,1.516812,1.633289,1.738682,1.808434,1.848358,1.859793,1.860029,1.854614,1.837137,1.803155,1.752672,1.680986,1.592738,1.496685,1.404341,1.325944,1.174111,0.6670804,0.6423103,0.6423103,0.6423103,0.6423103,0.6423103,0.6423103,0.6423103,0.6423103,0.6423103,0.6423103,0.6423103,0.6423103,0.6423103
0.6423103,0.6423103,0.6423103,0.6423103,0.6423103,0.6423103,0.6423103,0.6423103,0.6423103,0.6423103,0.6423103,0.6423103,0.6423103,0.6423103,0.6423103,0.6423103,0.6423103,0.6423103,0.6423103,0.6423103,0.6423103,0.6423103,0.6423103,0.6423103,0.6423103,0.6423103,0.6423103,0.6423103,0.6423103,0.6844282,0.8259704,0.9930387,1.147016,1.268996,1.344906,1.387739,1.427352,1.455797,1.461404,1.44373,1.405481,1.355112,1.276038,1.114227,0.918664,0.7344863,0.6423103,0.6423103,0.6423103,0.6423103,0.6423103,0.6423103,0.6423103,0.6423103,0.6423103,0.6423103,0.6614779,0.716655,0.7994224,0.9040394,1.04214,1.186914,1.315401,1.391012,1.488653,1.606275,1.733082,1.842479,1.930642,1.98464,2.013763,2.021902,2.022056,2.01809,2.005182,1.979085,1.938662,1.87687,1.794585,1.694887,1.584993,1.476592,1.191113,0.6804479,0.6423103,0.6423103,0.6423103,0.6423103,0.6423103,0.6423103,0.6423103,0.6423103,0.6423103,0.6423103,0.6423103,0.6423103,0.6423103
0.6423103,0.6423103,0.6423103,0.6423103,0.6423103,0.6423103,0.6423103,0.6423103,0.6423103,0.6423103,0.6423103,0.6423103,0.6423103,0.6423103,0.6423103,0.6423103,0.6423103,0.6423103,0.6423103,0.6423103,0.6423103,0.6423103,0.6423103,0.6423103,0.6423103,0.6423103,0.6423103,0.6423103,0.7423871,0.9217011,1.113636,1.267104,1.352185,1.412529,1.485589,1.55778,1.619709,1.665035,1.680604,1.667152,1.623203,1.552318,1.469262,1.3846,1.306434,1.14713,0.9648342,0.8135703,0.7245132,0.6876672,0.6781378,0.6966025,0.7359627,0.8053562,0.890521,0.9862236,1.080855,1.16407,1.246324,1.314745,1.365113,1.420192,1.497917,1.594043,1.703914,1.816616,1.922768,2.005403,2.064806,2.097523,2.113448,2.117657,2.117725,2.115539,2.108189,2.092265,2.065411,2.020176,1.954019,1.866149,1.760064,1.462914,1.172359,0.6720107,0.6423103,0.6423103,0.6423103,0.6423103,0.6423103,0.6423103,0.6423103,0.6423103,0.6423103,0.6423103,0.6423103,0.6423103,0.6423103
0.6423103,0.6423103,0.6423103,0.6423103,0.6423103,0.6423103,0.6423103,0.6423103,0.6423103,0.6423103,0.6423103,0.6423103,0.6423103,0.6423103,0.6423103,0.6423103,0.6423103,0.6423103,0.6423103,0.6423103,0.6423103,0.6423103,0.6423103,0.6423103,0.6423103,0.6423103,0.6563146,0.7905445,0.9865141,1.184904,1.324978,1.395365,1.474944,1.564242,1.660023,1.747633,1.819571,1.872386,1.894731,1.88994,1.854173,1.787297,1.696818,1.587039,1.481149,1.387405,1.316527,1.209051,1.113248,1.064363,1.053323,1.089689,1.147763,1.22468,1.291268,1.340072,1.371172,1.40315,1.443343,1.490778,1.553762,1.623738,1.70794,1.798877,1.890756,1.977206,2.050126,2.100861,2.131376,2.14542,2.153339,2.1557,2.155705,2.154312,2.14997,2.141715,2.128614,2.101663,2.05547,1.986566,1.720615,1.434978,1.125308,0.651245,0.6423103,0.6423103,0.6423103,0.6423103,0.6423103,0.6423103,0.6423103,0.6423103,0.6423103,0.6423103,0.6423103,0.6423103,0.6423103
0.6423103,0.6423103,0.6423103,0.6423103,0.6423103,0.6423103,0.6423103,0.6423103,0.6423103,0.6423103,0.6423103,0.6423103,0.6423103,0.6423103,0.6423103,0.6423103,0.6423103,0.6423103,0.6423103,0.6423103,0.6423103,0.6423103,0.6423103,0.6423103,0.6423103,0.6905813,0.8355491,1.031795,1.224839,1.348146,1.427493,1.523857,1.625697,1.728939,1.831316,1.918424,1.985461,2.032367,2.053144,2.05408,2.031774,1.98325,1.908123,1.804619,1.690085,1.57082,1.473159,1.402949,1.362985,1.347149,1.343699,1.356129,1.377499,1.412676,1.453166,1.498633,1.543833,1.585741,1.633617,1.685811,1.749614,1.81336,1.884218,1.954352,2.018465,2.074484,2.116044,2.140467,2.156966,2.168659,2.175461,2.177352,2.177101,2.175537,2.17114,2.162974,2.151521,2.135438,2.106774,1.933251,1.664146,1.398465,1.054441,0.6423103,0.6423103,0.6423103,0.6423103,0.6423103,0.6423103,0.6423103,0.6423103,0.6423103,0.6423103,0.6423103,0.6423103,0.6423103,0.6423103
0.6423103,0.6423103,0.6423103,0.6423103,0.6423103,0.6423103,0.6423103,0.6423103,0.6423103,0.6423103,0.6423103,0.6423103,0.6423103,0.6423103,0.6423103,0.6423103,0.6423103,0.6423103,0.6423103,0.6423103,0.6423103,0.6423103,0.6423103,0.666926,0.7538943,0.8963113,1.076095,1.251531,1.358887,1.445965,1.554428,1.669097,1.779656,1.882588,1.976074,2.047647,2.096047,2.124774,2.135689,2.137114,2.128161,2.103413,2.055839,1.978539,1.880506,1.766024,1.66021,1.573683,1.516562,1.490324,1.482528,1.498012,1.525153,1.567725,1.613024,1.661222,1.706767,1.747728,1.793302,1.841626,1.897532,1.949273,2.002765,2.051345,2.091056,2.122691,2.142548,2.158153,2.171296,2.180494,2.185408,2.186355,2.185465,2.183517,2.179136,2.171507,2.161141,2.146602,2.057002,1.860433,1.596095,1.360297,0.9673199,0.6423103,0.6423103,0.6423103,0.6423103,0.6423103,0.6423103,0.6423103,0.6423103,0.6423103,0.6423103,0.6423103,0.6423103,0.6423103,0.6423103
0.6423103,0.6423103,0.6423103,0.6423103,0.6423103,0.6423103,0.6423103,0.6423103,0.6423103,0.6423103,0.6423103,0.6423103,0.6423103,0.6423103,0.6423103,0.6423103,0.6423103,0.6423103,0.6423103,0.6423103,0.6423103,0.745002,0.7938626,0.8792584,0.9977892,1.143696,1.282746,1.369001,1.456895,1.569376,1.693559,1.813612,1.920409,2.010081,2.081305,2.125718,2.148588,2.165566,2.174449,2.175847,2.16816,2.152845,2.13124,2.087835,2.019522,1.928755,1.83492,1.750122,1.68733,1.65321,1.637033,1.644861,1.664683,1.699543,1.737279,1.778415,1.818163,1.855259,1.896803,1.940637,1.988743,2.030793,2.070658,2.103335,2.126476,2.142835,2.155786,2.167594,2.176642,2.182646,2.185004,2.184537,2.182583,2.17999,2.175612,2.168851,2.16025,2.108701,1.982737,1.773427,1.524597,1.317593,0.8759891,0.6423103,0.6423103,0.6423103,0.6423103,0.6423103,0.6423103,0.6423103,0.6423103,0.6423103,0.6423103,0.6423103,0.6423103,0.6423103,0.6423103
0.6423103,0.6423103,0.6423103,0.6423103,0.6423103,0.6423103,0.6423103,0.6423103,0.6423103,0.6423103,0.6423103,0.6423103,0.6423103,0.6423103,0.6423103,0.6423103,0.6423103,0.6423103,0.6423103,0.6423103,0.6851523,0.8677788,1.076444,1.151739,1.240159,1.326318,1.385583,1.468416,1.576851,1.701561,1.829105,1.94268,2.03434,2.09989,2.139329,2.163323,2.183755,2.199824,2.20756,2.207782,2.199241,2.183542,2.16269,2.138304,2.101333,2.040965,1.969343,1.897048,1.836103,1.795721,1.768758,1.761922,1.766931,1.786249,1.811156,1.842143,1.875584,1.910264,1.950202,1.992675,2.036904,2.074199,2.10607,2.129066,2.142875,2.155029,2.164559,2.172624,2.177431,2.179966,2.179397,2.177178,2.17381,2.170326,2.165845,2.160043,2.12503,2.042645,1.895088,1.686273,1.4616,1.252518,0.7979269,0.6423103,0.6423103,0.6423103,0.6423103,0.6423103,0.6423103,0.6423103,0.6423103,0.6423103,0.6423103,0.6423103,0.6423103,0.6423103,0.6423103
0.6423103,0.6423103,0.6423103,0.6423103,0.6423103,0.6423103,0.6423103,0.6423103,0.6423103,0.6423103,0.6423103,0.6423103,0.6423103,0.6423103,0.6423103,0.6423103,0.6423103,0.6423103,0.6423103,0.6629794,0.8382318,1.05234,1.230831,1.347023,1.376727,1.426841,1.498768,1.596318,1.71306,1.837783,1.956244,2.050886,2.115288,2.148695,2.175625,2.198868,2.217491,2.230821,2.235808,2.233443,2.223228,2.206856,2.186262,2.163085,2.139775,2.107728,2.060584,2.005451,1.95092,1.906278,1.86832,1.844039,1.830979,1.831346,1.841319,1.861276,1.889059,1.923249,1.964417,2.009109,2.053956,2.091532,2.120758,2.139392,2.151613,2.162281,2.169069,2.173787,2.174592,2.173697,2.170102,2.165963,2.160975,2.156446,2.151748,2.122068,2.062253,1.954908,1.800106,1.602432,1.407759,1.172953,0.7337214,0.6423103,0.6423103,0.6423103,0.6423103,0.6423103,0.6423103,0.6423103,0.6423103,0.6423103,0.6423103,0.6423103,0.6423103,0.6423103,0.6423103
0.6423103,0.6423103,0.6423103,0.6423103,0.6423103,0.6423103,0.6423103,0.6423103,0.6423103,0.6423103,0.6423103,0.6423103,0.6423103,0.6423103,0.6423103,0.6423103,0.6423103,0.6423103,0.6458057,0.8286836,1.054983,1.242162,1.345525,1.414321,1.501365,1.558925,1.636348,1.736316,1.849485,1.962168,2.05922,2.123283,2.156959,2.185466,2.211927,2.23313,2.248446,2.257364,2.258172,2.251973,2.239335,2.221943,2.201744,2.180315,2.159145,2.138817,2.112259,2.07391,2.027887,1.981477,1.934302,1.893166,1.861847,1.842726,1.837552,1.846784,1.870061,1.905838,1.951099,2.001634,2.051501,2.09414,2.125229,2.143826,2.156895,2.167104,2.172188,2.174331,2.17177,2.167806,2.161364,2.155313,2.148649,2.143004,2.114202,2.061307,1.981622,1.863424,1.712209,1.531687,1.367372,1.094415,0.6875648,0.6423103,0.6423103,0.6423103,0.6423103,0.6423103,0.6423103,0.6423103,0.6423103,0.6423103,0.6423103,0.6423103,0.6423103,0.6423103,0.6423103
0.6423103,0.6423103,0.6423103,0.6423103,0.6423103,0.6423103,0.6423103,0.6423103,0.6423103,0.6423103,0.6423103,0.6423103,0.6423103,0.6423103,0.6423103,0.6423103,0.6423103,0.6423103,0.8009387,1.057212,1.256952,1.357679,1.423412,1.506046,1.597601,1.70639,1.77974,1.872085,1.971398,2.061422,2.126289,2.160737,2.193172,2.221984,2.24697,2.264948,2.275681,2.278855,2.274399,2.263449,2.247828,2.229106,2.209302,2.189863,2.17126,2.153975,2.136425,2.111352,2.073567,2.027041,1.97248,1.91599,1.867193,1.829084,1.809226,1.808325,1.827967,1.866707,1.918002,1.977083,2.035466,2.087331,2.124059,2.145203,2.160131,2.170879,2.175333,2.175769,2.170608,2.16407,2.155093,2.147239,2.138939,2.109861,2.060787,1.99101,1.901399,1.781029,1.638475,1.476227,1.337314,1.023971,0.6564437,0.6423103,0.6423103,0.6423103,0.6423103,0.6423103,0.6423103,0.6423103,0.6423103,0.6423103,0.6423103,0.6423103,0.6423103,0.6423103,0.6423103
0.6423103,0.6423103,0.6423103,0.6423103,0.6423103,0.6423103,0.6423103,0.6423103,0.6423103,0.6423103,0.6423103,0.6423103,0.6423103,0.6423103,0.6423103,0.6423103,0.6423103,0.7377614,1.015119,1.253728,1.363773,1.442167,1.521126,1.609612,1.700171,1.803457,1.910212,1.987769,2.065411,2.125019,2.160774,2.19442,2.227822,2.256108,2.278698,2.292552,2.297886,2.294618,2.284405,2.268345,2.249521,2.229296,2.209787,2.19225,2.176219,2.162021,2.146587,2.128385,2.096492,2.04992,1.989031,1.918981,1.854465,1.799371,1.766591,1.756989,1.773768,1.815803,1.873516,1.942023,2.010627,2.074344,2.119391,2.144682,2.162092,2.174127,2.17887,2.178438,2.171498,2.162978,2.151904,2.142471,2.115346,2.070759,2.007307,1.927173,1.832849,1.713831,1.580247,1.43407,1.29986,0.9606229,0.6423103,0.6423103,0.6423103,0.6423103,0.6423103,0.6423103,0.6423103,0.6423103,0.6423103,0.6423103,0.6423103,0.6423103,0.6423103,0.6423103,0.6423103
0.6423103,0.6423103,0.6423103,0.6423103,0.6423103,0.6423103,0.6423103,0.6423103,0.6423103,0.6423103,0.6423103,0.6423103,0.6423103,0.6423103,0.6423103,0.6423103,0.6548593,0.9090878,1.198101,1.354244,1.441417,1.535774,1.620602,1.709564,1.795979,1.891018,1.985166,2.072149,2.123827,2.156741,2.190887,2.224844,2.258235,2.285107,2.304572,2.313823,2.313544,2.303899,2.288125,2.267235,2.245394,2.223701,2.204358,2.188397,2.174588,2.163078,2.149542,2.133324,2.103616,2.055523,1.98856,1.907151,1.829999,1.761835,1.719508,1.703732,1.718599,1.763449,1.826578,1.90352,1.982008,2.058046,2.112547,2.143012,2.162996,2.176657,2.182269,2.181631,2.173661,2.16377,2.151119,2.129925,2.091854,2.036214,1.962758,1.875806,1.778497,1.660944,1.534115,1.400842,1.25356,0.8982306,0.6423103,0.6423103,0.6423103,0.6423103,0.6423103,0.6423103,0.6423103,0.6423103,0.6423103,0.6423103,0.6423103,0.6423103,0.6423103,0.6423103,0.6423103
0.6423103,0.6423103,0.6423103,0.6423103,0.6423103,0.6423103,0.6423103,0.6423103,0.6423103,0.6423103,0.6423103,0.6423103,0.6423103,0.6423103,0.6423103,0.6423103,0.7516853,1.062231,1.308513,1.412684,1.517471,1.620026,1.706831,1.793814,1.875211,1.961216,2.042347,2.110594,2.152218,2.182425,2.216439,2.249665,2.281959,2.306581,2.322458,2.32707,2.32153,2.30624,2.285675,2.260754,2.236418,2.213501,2.194235,2.179429,2.167303,2.157826,2.145837,2.129975,2.098555,2.046929,1.974106,1.884357,1.798989,1.723183,1.675739,1.656995,1.671128,1.718061,1.784977,1.868237,1.954742,2.041498,2.10488,2.140791,2.162974,2.178183,2.184845,2.184399,2.175972,2.16526,2.143799,2.118469,2.072333,2.008949,1.928291,1.836132,1.7357,1.618221,1.495397,1.372624,1.196349,0.8314453,0.6423103,0.6423103,0.6423103,0.6423103,0.6423103,0.6423103,0.6423103,0.6423103,0.6423103,0.6423103,0.6423103,0.6423103,0.6423103,0.6423103,0.6423103
0.6423103,0.6423103,0.6423103,0.6423103,0.6423103,0.6423103,0.6423103,0.6423103,0.6423103,0.6423103,0.6423103,0.6423103,0.6423103,0.6423103,0.6423103,0.6423103,0.847731,1.166714,1.354814,1.463369,1.578029,1.684605,1.772127,1.856842,1.933894,2.011648,2.080986,2.132645,2.166697,2.202698,2.235584,2.267013,2.297135,2.318809,2.330942,2.331303,2.321349,2.301688,2.277551,2.249784,2.223724,2.199991,2.180773,2.166685,2.155623,2.147407,2.136439,2.117742,2.081654,2.025299,1.947775,1.853886,1.76572,1.688377,1.640439,1.62192,1.636502,1.6848,1.753746,1.840725,1.932451,2.02677,2.097068,2.138045,2.161615,2.177872,2.185346,2.185191,2.176672,2.159205,2.137473,2.107128,2.054813,1.985672,1.899361,1.802513,1.698193,1.579343,1.458765,1.346238,1.121791,0.7577122,0.6423103,0.6423103,0.6423103,0.6423103,0.6423103,0.6423103,0.6423103,0.6423103,0.6423103,0.6423103,0.6423103,0.6423103,0.6423103,0.6423103,0.6423103
0.6423103,0.6423103,0.6423103,0.6423103,0.6423103,0.6423103,0.6423103,0.6423103,0.6423103,0.6423103,0.6423103,0.6423103,0.6423103,0.6423103,0.6423103,0.6545984,0.9191667,1.228647,1.380748,1.500313,1.620623,1.72948,1.817772,1.900858,1.974706,2.045626,2.105158,2.144253,2.177102,2.211591,2.248071,2.276826,2.303921,2.322183,2.330649,2.327347,2.313976,2.291312,2.264861,2.235445,2.208446,2.184342,2.165209,2.15151,2.141005,2.132903,2.118541,2.09438,2.052391,1.991657,1.911613,1.818065,1.732111,1.658397,1.613625,1.597776,1.613752,1.662934,1.732563,1.821076,1.91541,2.014007,2.088951,2.134309,2.158596,2.175214,2.183016,2.183025,2.16937,2.152048,2.129231,2.093338,2.035518,1.96151,1.87026,1.768875,1.660221,1.539567,1.421467,1.305646,1.026792,0.6852096,0.6423103,0.6423103,0.6423103,0.6423103,0.6423103,0.6423103,0.6423103,0.6423103,0.6423103,0.6423103,0.6423103,0.6423103,0.6423103,0.6423103,0.6423103
0.6423103,0.6423103,0.6423103,0.6423103,0.6423103,0.6423103,0.6423103,0.6423103,0.6423103,0.6423103,0.6423103,0.6423103,0.6423103,0.6423103,0.6423103,0.6860738,0.9734377,1.268306,1.401835,1.528614,1.652749,1.763245,1.852437,1.934268,2.005465,2.070362,2.12133,2.1532,2.185092,2.217714,2.251569,2.281892,2.305528,2.320185,2.325111,2.318561,2.302415,2.277585,2.249589,2.219247,2.191795,2.167617,2.148637,2.134995,2.121423,2.109088,2.08937,2.059748,2.012371,1.948775,1.868483,1.778443,1.697688,1.630374,1.590599,1.578596,1.59641,1.646232,1.715869,1.804798,1.900361,2.001449,2.079804,2.129168,2.154284,2.17081,2.178589,2.17446,2.161026,2.143977,2.117846,2.076389,2.013394,1.934984,1.839226,1.733586,1.620855,1.499164,1.385478,1.240581,0.9203628,0.6423103,0.6423103,0.6423103,0.6423103,0.6423103,0.6423103,0.6423103,0.6423103,0.6423103,0.6423103,0.6423103,0.6423103,0.6423103,0.6423103,0.6423103,0.6423103
0.6423103,0.6423103,0.6423103,0.6423103,0.6423103,0.6423103,0.6423103,0.6423103,0.6423103,0.6423103,0.6423103,0.6423103,0.6423103,0.6423103,0.6423103,0.7275537,1.030509,1.303888,1.425858,1.559525,1.687204,1.799023,1.888735,1.968697,2.036353,2.094133,2.135259,2.163283,2.194185,2.224883,2.256036,2.282992,2.306947,2.317925,2.319247,2.309437,2.290538,2.263587,2.23413,2.202956,2.175153,2.150988,2.13148,2.111612,2.092198,2.076,2.051705,2.017745,1.966369,1.901276,1.821788,1.735842,1.660406,1.599257,1.564092,1.555391,1.574449,1.62423,1.693252,1.782101,1.878758,1.982837,2.065716,2.120646,2.148224,2.164748,2.169444,2.165623,2.152663,2.135979,2.104718,2.058487,1.991256,1.909244,1.809457,1.69971,1.582911,1.460823,1.353607,1.155663,0.8143401,0.6423103,0.6423103,0.6423103,0.6423103,0.6423103,0.6423103,0.6423103,0.6423103,0.6423103,0.6423103,0.6423103,0.6423103,0.6423103,0.6423103,0.6423103,0.6423103
0.6423103,0.6423103,0.6423103,0.6423103,0.6423103,0.6423103,0.6423103,0.6423103,0.6423103,0.6423103,0.6423103,0.6423103,0.6423103,0.6423103,0.6423103,0.7849,1.097401,1.337087,1.457349,1.598554,1.729936,1.842777,1.932291,2.009004,2.071005,2.118892,2.149132,2.17666,2.206556,2.235279,2.263637,2.287177,2.307359,2.317676,2.315151,2.301868,2.280022,2.25076,2.219774,2.187745,2.159657,2.135454,2.108172,2.08138,2.057502,2.038604,2.011148,1.97432,1.920355,1.854478,1.775809,1.692954,1.621386,1.564538,1.532292,1.525113,1.543746,1.591733,1.658535,1.745919,1.843003,1.950824,2.040347,2.103996,2.13869,2.153009,2.158443,2.155494,2.143646,2.125874,2.089975,2.040248,1.970316,1.885925,1.782538,1.668217,1.546327,1.423832,1.313929,1.048496,0.7132272,0.6423103,0.6423103,0.6423103,0.6423103,0.6423103,0.6423103,0.6423103,0.6423103,0.6423103,0.6423103,0.6423103,0.6423103,0.6423103,0.6423103,0.6423103,0.6423103
0.6423103,0.6423103,0.6423103,0.6423103,0.6423103,0.6423103,0.6423103,0.6423103,0.6423103,0.6423103,0.6423103,0.6423103,0.6423103,0.6423103,0.6434912,0.8590369,1.171566,1.364511,1.497942,1.646931,1.781659,1.894509,1.98212,2.05304,2.10594,2.14009,2.166332,2.193499,2.222237,2.248832,2.27421,2.294235,2.310526,2.31687,2.312777,2.295864,2.270962,2.239315,2.206859,2.174091,2.145903,2.116885,2.080969,2.049419,2.022982,2.002963,1.974063,1.935831,1.880403,1.8138,1.73522,1.653569,1.58369,1.528626,1.497139,1.489255,1.505333,1.54914,1.611307,1.694729,1.790211,1.901016,1.998132,2.073153,2.117931,2.137455,2.144026,2.142422,2.131588,2.110011,2.070104,2.017667,1.946188,1.86035,1.753644,1.634382,1.507078,1.385962,1.240056,0.9181416,0.6423103,0.6423103,0.6423103,0.6423103,0.6423103,0.6423103,0.6423103,0.6423103,0.6423103,0.6423103,0.6423103,0.6423103,0.6423103,0.6423103,0.6423103,0.6423103,0.6423103
0.6423103,0.6423103,0.6423103,0.6423103,0.6423103,0.6423103,0.6423103,0.6423103,0.6423103,0.6423103,0.6423103,0.6423103,0.6423103,0.6423103,0.6871224,0.9436199,1.243374,1.397918,1.546133,1.702149,1.839003,1.949963,2.032938,2.094578,2.134162,2.159506,2.186138,2.212751,2.240024,2.264233,2.286375,2.302768,2.315053,2.317381,2.309148,2.290568,2.26273,2.228881,2.195246,2.162068,2.133764,2.095985,2.054456,2.020757,1.993921,1.974536,1.945983,1.90772,1.851713,1.784094,1.704532,1.621907,1.551377,1.49558,1.462833,1.452274,1.463891,1.50118,1.556026,1.632211,1.722558,1.833112,1.935936,2.018213,2.077884,2.109208,2.122041,2.121885,2.108421,2.082906,2.039425,1.984748,1.912572,1.826018,1.716467,1.592774,1.461836,1.347465,1.124438,0.7763619,0.6423103,0.6423103,0.6423103,0.6423103,0.6423103,0.6423103,0.6423103,0.6423103,0.6423103,0.6423103,0.6423103,0.6423103,0.6423103,0.6423103,0.6423103,0.6423103,0.6423103
0.6423103,0.6423103,0.6423103,0.6423103,0.6423103,0.6423103,0.6423103,0.6423103,0.6423103,0.6423103,0.6423103,0.6423103,0.6423103,0.6423103,0.742386,1.0263,1.301187,1.436195,1.597474,1.758881,1.895982,2.002608,2.077701,2.12648,2.154054,2.179871,2.206553,2.232247,2.257612,2.279122,2.297783,2.310496,2.318768,2.317205,2.305025,2.283227,2.254343,2.218824,2.184574,2.151549,2.120379,2.076197,2.032414,1.999335,1.974271,1.957258,1.93078,1.893802,1.838057,1.769167,1.687605,1.601946,1.528555,1.469767,1.434127,1.419565,1.425563,1.454764,1.500137,1.565897,1.646824,1.75168,1.850889,1.940245,2.012518,2.055474,2.076864,2.079551,2.064744,2.036134,1.989762,1.933401,1.861408,1.775009,1.66391,1.538295,1.409398,1.279474,0.9681785,0.6577409,0.6423103,0.6423103,0.6423103,0.6423103,0.6423103,0.6423103,0.6423103,0.6423103,0.6423103,0.6423103,0.6423103,0.6423103,0.6423103,0.6423103,0.6423103,0.6423103,0.6423103
0.6423103,0.6423103,0.6423103,0.6423103,0.6423103,0.6423103,0.6423103,0.6423103,0.6423103,0.6423103,0.6423103,0.6423103,0.6423103,0.6423103,0.7915482,1.0924,1.337402,1.473112,1.644752,1.809732,1.945422,2.045831,2.110703,2.145696,2.172486,2.198702,2.224923,2.249235,2.272231,2.290787,2.305854,2.314996,2.319455,2.314373,2.298771,2.274437,2.243882,2.208584,2.174508,2.142374,2.106855,2.060085,2.017426,1.987623,1.966324,1.953259,1.930457,1.896138,1.841742,1.771832,1.687771,1.597525,1.519333,1.455498,1.415543,1.396193,1.396287,1.417085,1.452144,1.505531,1.573448,1.663327,1.755487,1.843974,1.921968,1.972336,2.00079,2.006489,1.991668,1.961233,1.913475,1.856829,1.786701,1.702243,1.592661,1.470729,1.354616,1.148771,0.7946014,0.6423103,0.6423103,0.6423103,0.6423103,0.6423103,0.6423103,0.6423103,0.6423103,0.6423103,0.6423103,0.6423103,0.6423103,0.6423103,0.6423103,0.6423103,0.6423103,0.6423103,0.6423103
0.6423103,0.6423103,0.6423103,0.6423103,0.6423103,0.6423103,0.6423103,0.6423103,0.6423103,0.6423103,0.6423103,0.6423103,0.6423103,0.6423103,0.8179672,1.131392,1.354445,1.501317,1.680586,1.848101,1.982014,2.076087,2.130664,2.159967,2.187477,2.213609,2.238809,2.261297,2.281554,2.29704,2.308586,2.31445,2.315506,2.3075,2.289276,2.263337,2.232111,2.197069,2.164809,2.134074,2.094793,2.049213,2.010793,1.986594,1.970741,1.962918,1.945203,1.915018,1.863496,1.79365,1.707485,1.611917,1.527341,1.456373,1.410419,1.385409,1.379672,1.39278,1.418123,1.459042,1.510103,1.58373,1.661813,1.740435,1.814274,1.864187,1.894317,1.900582,1.885692,1.854682,1.80786,1.75351,1.688183,1.608994,1.506469,1.397439,1.268605,0.9664603,0.6568161,0.6423103,0.6423103,0.6423103,0.6423103,0.6423103,0.6423103,0.6423103,0.6423103,0.6423103,0.6423103,0.6423103,0.6423103,0.6423103,0.6423103,0.6423103,0.6423103,0.6423103,0.6423103
0.6423103,0.6423103,0.6423103,0.6423103,0.6423103,0.6423103,0.6423103,0.6423103,0.6423103,0.6423103,0.6423103,0.6423103,0.6423103,0.6423103,0.8089572,1.135169,1.359406,1.513003,1.697484,1.867861,2.001754,2.092144,2.139748,2.168922,2.196595,2.222145,2.245841,2.266211,2.283595,2.296139,2.30451,2.307623,2.30594,2.295838,2.276042,2.249615,2.218848,2.185177,2.154943,2.125192,2.085328,2.044329,2.012715,1.9959,1.986706,1.98499,1.973464,1.948966,1.902439,1.834983,1.748613,1.648554,1.556962,1.477018,1.422922,1.39068,1.378721,1.385071,1.402116,1.430638,1.467602,1.523457,1.583192,1.644828,1.704825,1.745181,1.769089,1.771218,1.754363,1.723344,1.679758,1.630796,1.573816,1.504462,1.416814,1.327869,1.103455,0.7764966,0.6423103,0.6423103,0.6423103,0.6423103,0.6423103,0.6423103,0.6423103,0.6423103,0.6423103,0.6423103,0.6423103,0.6423103,0.6423103,0.6423103,0.6423103,0.6423103,0.6423103,0.6423103,0.6423103
0.6423103,0.6423103,0.6423103,0.6423103,0.6423103,0.6423103,0.6423103,0.6423103,0.6423103,0.6423103,0.6423103,0.6423103,0.6423103,0.6423103,0.7608269,1.096486,1.350097,1.502556,1.689797,1.864492,2.00216,2.094227,2.141369,2.170813,2.198135,2.222716,2.244644,2.262849,2.277534,2.287529,2.293325,2.294395,2.290818,2.279578,2.259365,2.233593,2.204381,2.173116,2.145712,2.115815,2.07918,2.04545,2.022433,2.014037,2.012081,2.016703,2.011921,1.994476,1.955494,1.894047,1.811273,1.709934,1.612662,1.523174,1.458967,1.417264,1.397656,1.397331,1.406092,1.425299,1.449798,1.488806,1.52921,1.570441,1.610316,1.634204,1.644853,1.638186,1.616906,1.585995,1.547391,1.506533,1.461032,1.406278,1.341119,1.189755,0.9022112,0.6461769,0.6423103,0.6423103,0.6423103,0.6423103,0.6423103,0.6423103,0.6423103,0.6423103,0.6423103,0.6423103,0.6423103,0.6423103,0.6423103,0.6423103,0.6423103,0.6423103,0.6423103,0.6423103,0.6423103
0.6423103,0.6423103,0.6423103,0.6423103,0.6423103,0.6423103,0.6423103,0.6423103,0.6423103,0.6423103,0.6423103,0.6423103,0.6423103,0.6423103,0.68589,1.008044,1.318741,1.468309,1.654336,1.834542,1.980533,2.08105,2.135443,2.164837,2.191447,2.214881,2.235072,2.251358,2.263826,2.271892,2.2759,2.275735,2.271186,2.259781,2.240252,2.216152,2.189413,2.161366,2.137364,2.107575,2.07617,2.052009,2.038425,2.038559,2.043586,2.053887,2.05551,2.045808,2.016799,1.965832,1.892287,1.795823,1.697354,1.600739,1.526282,1.473495,1.444224,1.435276,1.436138,1.4465,1.459407,1.482941,1.50479,1.525323,1.543065,1.547631,1.541609,1.523937,1.497145,1.466797,1.43429,1.403111,1.370752,1.329553,1.21689,1.001132,0.7312223,0.6423103,0.6423103,0.6423103,0.6423103,0.6423103,0.6423103,0.6423103,0.6423103,0.6423103,0.6423103,0.6423103,0.6423103,0.6423103,0.6423103,0.6423103,0.6423103,0.6423103,0.6423103,0.6423103,0.6423103
0.6423103,0.6423103,0.6423103,0.6423103,0.6423103,0.6423103,0.6423103,0.6423103,0.6423103,0.6423103,0.6423103,0.6423103,0.6423103,0.6423103,0.6423103,0.8723987,1.237468,1.414831,1.592015,1.77642,1.933771,2.048639,2.11786,2.151445,2.177171,2.199487,2.218218,2.233029,2.243941,2.250786,2.253816,2.253178,2.248506,2.237775,2.21984,2.19819,2.174584,2.150299,2.128737,2.101156,2.076874,2.062384,2.058522,2.066315,2.07709,2.091287,2.097694,2.095073,2.077398,2.041074,1.983237,1.900259,1.808624,1.711655,1.630593,1.567816,1.527306,1.508714,1.499884,1.500131,1.500499,1.508401,1.51184,1.51198,1.507678,1.492841,1.470034,1.44184,1.410433,1.381827,1.356145,1.33111,1.288474,1.206224,1.049793,0.8291712,0.6423103,0.6423103,0.6423103,0.6423103,0.6423103,0.6423103,0.6423103,0.6423103,0.6423103,0.6423103,0.6423103,0.6423103,0.6423103,0.6423103,0.6423103,0.6423103,0.6423103,0.6423103,0.6423103,0.6423103,0.6423103
0.6423103,0.6423103,0.6423103,0.6423103,0.6423103,0.6423103,0.6423103,0.6423103,0.6423103,0.6423103,0.6423103,0.6423103,0.6423103,0.6423103,0.6423103,0.7210852,1.089548,1.354658,1.510058,1.692772,1.860708,1.9926,2.081194,2.131568,2.157144,2.178525,2.196225,2.210098,2.220151,2.22645,2.229215,2.228731,2.224608,2.215171,2.199447,2.180719,2.160595,2.140309,2.119893,2.096955,2.080735,2.075654,2.079983,2.093846,2.10809,2.123161,2.131174,2.132972,2.125797,2.106263,2.069484,2.009033,1.934532,1.847983,1.768566,1.700805,1.651729,1.623245,1.603294,1.591646,1.577618,1.568287,1.552095,1.531095,1.504465,1.470343,1.431406,1.393878,1.359285,1.328656,1.285236,1.235385,1.171344,1.069201,0.9056921,0.7156405,0.6423103,0.6423103,0.6423103,0.6423103,0.6423103,0.6423103,0.6423103,0.6423103,0.6423103,0.6423103,0.6423103,0.6423103,0.6423103,0.6423103,0.6423103,0.6423103,0.6423103,0.6423103,0.6423103,0.6423103,0.6423103
0.6423103,0.6423103,0.6423103,0.6423103,0.6423103,0.6423103,0.6423103,0.6423103,0.6423103,0.6423103,0.6423103,0.6423103,0.6423103,0.6423103,0.6423103,0.6423103,0.8974519,1.260583,1.424185,1.594581,1.7675,1.914373,2.022488,2.094397,2.133972,2.154942,2.171978,2.185327,2.19503,2.201234,2.204186,2.204221,2.201026,2.19319,2.179942,2.164283,2.147697,2.130419,2.111385,2.094598,2.086567,2.089907,2.100682,2.117753,2.132399,2.145128,2.154135,2.158821,2.156255,2.146924,2.131436,2.099608,2.051485,1.987078,1.920172,1.857219,1.805747,1.77038,1.740571,1.71714,1.688429,1.660976,1.624093,1.580682,1.530349,1.475692,1.419736,1.372518,1.330666,1.274346,1.208819,1.145847,1.073355,0.9666047,0.8121201,0.6597794,0.6423103,0.6423103,0.6423103,0.6423103,0.6423103,0.6423103,0.6423103,0.6423103,0.6423103,0.6423103,0.6423103,0.6423103,0.6423103,0.6423103,0.6423103,0.6423103,0.6423103,0.6423103,0.6423103,0.6423103,0.6423103
0.6423103,0.6423103,0.6423103,0.6423103,0.6423103,0.6423103,0.6423103,0.6423103,0.6423103,0.6423103,0.6423103,0.6423103,0.6423103,0.6423103,0.6423103,0.6423103,0.7250051,1.097198,1.353872,1.499872,1.669121,1.824906,1.948312,2.038755,2.097308,2.130588,2.147901,2.160762,2.170176,2.176347,2.179552,2.18015,2.177918,2.17169,2.160901,2.148266,2.134958,2.117905,2.102408,2.092835,2.092921,2.103591,2.118821,2.136067,2.149728,2.165299,2.177775,2.186082,2.186938,2.180674,2.168424,2.150785,2.130842,2.09713,2.053374,2.005583,1.960589,1.924667,1.89005,1.858495,1.818421,1.775,1.718792,1.65312,1.577999,1.501011,1.425889,1.367181,1.311513,1.235263,1.154801,1.084825,1.009368,0.903537,0.7606552,0.6423103,0.6423103,0.6423103,0.6423103,0.6423103,0.6423103,0.6423103,0.6423103,0.6423103,0.6423103,0.6423103,0.6423103,0.6423103,0.6423103,0.6423103,0.6423103,0.6423103,0.6423103,0.6423103,0.6423103,0.6423103,0.6423103
0.6423103,0.6423103,0.6423103,0.6423103,0.6423103,0.6423103,0.6423103,0.6423103,0.6423103,0.6423103,0.6423103,0.6423103,0.6423103,0.6423103,0.6423103,0.6423103,0.6423103,0.9296381,1.275794,1.425911,1.583923,1.741051,1.872298,1.974561,2.046233,2.093006,2.121006,2.136548,2.145286,2.151127,2.154383,2.155415,2.154031,2.149338,2.141032,2.130575,2.116722,2.101889,2.092625,2.092054,2.100668,2.117663,2.134799,2.151567,2.16864,2.187805,2.204056,2.216384,2.221144,2.218487,2.209248,2.193871,2.175958,2.156039,2.137314,2.11398,2.084915,2.056378,2.024583,1.991364,1.946719,1.893338,1.823153,1.739022,1.641143,1.542064,1.44658,1.374298,1.310733,1.223445,1.133491,1.059108,0.9816677,0.8768133,0.7415464,0.6423103,0.6423103,0.6423103,0.6423103,0.6423103,0.6423103,0.6423103,0.6423103,0.6423103,0.6423103,0.6423103,0.6423103,0.6423103,0.6423103,0.6423103,0.6423103,0.6423103,0.6423103,0.6423103,0.6423103,0.6423103,0.6423103
0.6423103,0.6423103,0.6423103,0.6423103,0.6423103,0.6423103,0.6423103,0.6423103,0.6423103,0.6423103,0.6423103,0.6423103,0.6423103,0.6423103,0.6423103,0.6423103,0.6423103,0.8063457,1.179624,1.378314,1.522518,1.675718,1.807573,1.913875,1.990775,2.044355,2.079156,2.101635,2.115202,2.12334,2.127653,2.129354,2.128396,2.123735,2.114364,2.10262,2.090802,2.082502,2.082443,2.092682,2.109841,2.131254,2.148625,2.169229,2.190014,2.212957,2.233215,2.249994,2.25918,2.260704,2.255003,2.242269,2.225729,2.20599,2.186362,2.167638,2.150738,2.136452,2.117507,2.091818,2.052372,1.998602,1.923628,1.828973,1.714765,1.597436,1.482943,1.395657,1.330328,1.245686,1.152883,1.07552,0.9948251,0.8881963,0.7532499,0.6423103,0.6423103,0.6423103,0.6423103,0.6423103,0.6423103,0.6423103,0.6423103,0.6423103,0.6423103,0.6423103,0.6423103,0.6423103,0.6423103,0.6423103,0.6423103,0.6423103,0.6423103,0.6423103,0.6423103,0.6423103,0.6423103
0.6423103,0.6423103,0.6423103,0.6423103,0.6423103,0.6423103,0.6423103,0.6423103,0.6423103,0.6423103,0.6423103,0.6423103,0.6423103,0.6423103,0.6423103,0.6423103,0.6423103,0.737385,1.109251,1.353636,1.487163,1.635072,1.762905,1.866964,1.941785,1.995226,2.030137,2.054148,2.069166,2.079236,2.085158,2.088065,2.087375,2.082347,2.073375,2.064453,2.058844,2.060813,2.072229,2.094221,2.119043,2.142298,2.163263,2.188092,2.212678,2.23947,2.263903,2.28549,2.299617,2.305927,2.304307,2.294607,2.279592,2.259853,2.238957,2.217783,2.197855,2.18004,2.162321,2.144722,2.120826,2.077722,2.008662,1.913695,1.792958,1.664869,1.536284,1.434769,1.359671,1.296764,1.212479,1.135689,1.051504,0.9410343,0.8004588,0.6673628,0.6423103,0.6423103,0.6423103,0.6423103,0.6423103,0.6423103,0.6423103,0.6423103,0.6423103,0.6423103,0.6423103,0.6423103,0.6423103,0.6423103,0.6423103,0.6423103,0.6423103,0.6423103,0.6423103,0.6423103,0.6423103
0.6423103,0.6423103,0.6423103,0.6423103,0.6423103,0.6423103,0.6423103,0.6423103,0.6423103,0.6423103,0.6423103,0.6423103,0.6423103,0.6423103,0.6423103,0.6423103,0.6423103,0.7138613,1.084228,1.346966,1.477186,1.621712,1.743854,1.842002,1.909862,1.957968,1.987616,2.00836,2.020653,2.029673,2.03531,2.038531,2.038014,2.033623,2.027211,2.023434,2.026036,2.039649,2.062819,2.095826,2.126553,2.151812,2.176866,2.205636,2.233747,2.264107,2.292523,2.318933,2.338191,2.349628,2.35242,2.345971,2.332519,2.312527,2.289999,2.265773,2.242328,2.220357,2.198566,2.176512,2.152234,2.123653,2.06823,1.981695,1.864882,1.736059,1.60239,1.491645,1.403856,1.34959,1.292544,1.225741,1.14296,1.031394,0.8857521,0.7316142,0.6423103,0.6423103,0.6423103,0.6423103,0.6423103,0.6423103,0.6423103,0.6423103,0.6423103,0.6423103,0.6423103,0.6423103,0.6423103,0.6423103,0.6423103,0.6423103,0.6423103,0.6423103,0.6423103,0.6423103,0.6423103
0.6423103,0.6423103,0.6423103,0.6423103,0.6423103,0.6423103,0.6423103,0.6423103,0.6423103,0.6423103,0.6423103,0.6423103,0.6423103,0.6423103,0.6423103,0.6423103,0.6423103,0.7192334,1.09787,1.353004,1.487128,1.63129,1.748221,1.839432,1.89855,1.93895,1.960712,1.975426,1.98238,1.988075,1.991618,1.993833,1.992642,1.988546,1.984656,1.985797,1.995958,2.01999,2.053466,2.095875,2.13119,2.159098,2.187725,2.220046,2.251444,2.285191,2.317512,2.348868,2.373573,2.390617,2.398333,2.395566,2.383952,2.363703,2.339423,2.311793,2.28456,2.258091,2.232073,2.205408,2.177175,2.147969,2.109953,2.039056,1.935833,1.81655,1.688172,1.575367,1.478877,1.411412,1.363299,1.326533,1.263627,1.165027,1.024768,0.8578941,0.7026029,0.6423103,0.6423103,0.6423103,0.6423103,0.6423103,0.6423103,0.6423103,0.6423103,0.6423103,0.6423103,0.6423103,0.6423103,0.6423103,0.6423103,0.6423103,0.6423103,0.6423103,0.6423103,0.6423103,0.6423103
0.6423103,0.6423103,0.6423103,0.6423103,0.6423103,0.6423103,0.6423103,0.6423103,0.6423103,0.6423103,0.6423103,0.6423103,0.6423103,0.6423103,0.6423103,0.6423103,0.6423103,0.7519251,1.144516,1.371442,1.515488,1.66191,1.77487,1.85956,1.910393,1.94306,1.956953,1.965077,1.96598,1.96717,1.967275,1.967059,1.963888,1.95867,1.9553,1.958693,1.973031,2.003385,2.043594,2.09268,2.131951,2.162141,2.193244,2.228179,2.262179,2.298694,2.334372,2.37025,2.400195,2.422855,2.435646,2.436831,2.427339,2.407062,2.381261,2.350376,2.319604,2.288867,2.259001,2.228145,2.196696,2.16511,2.133852,2.081342,1.997894,1.896789,1.784485,1.679649,1.583359,1.507931,1.446007,1.398714,1.355583,1.29944,1.190606,1.03664,0.8622373,0.6952149,0.6423103,0.6423103,0.6423103,0.6423103,0.6423103,0.6423103,0.6423103,0.6423103,0.6423103,0.6423103,0.6423103,0.6423103,0.6423103,0.6423103,0.6423103,0.6423103,0.6423103,0.6423103,0.6423103
0.6423103,0.6423103,0.6423103,0.6423103,0.6423103,0.6423103,0.6423103,0.6423103,0.6423103,0.6423103,0.6423103,0.6423103,0.6423103,0.6423103,0.6423103,0.6423103,0.6423103,0.8110226,1.210476,1.402103,1.55919,1.709136,1.819276,1.898424,1.94269,1.969076,1.97695,1.979568,1.975221,1.971731,1.967638,1.963756,1.957238,1.949028,1.94319,1.9449,1.958583,1.989594,2.031819,2.084378,2.127756,2.159659,2.19185,2.228188,2.263877,2.30233,2.340536,2.380219,2.414858,2.442834,2.460634,2.465949,2.458991,2.439206,2.412497,2.379011,2.345414,2.311133,2.278205,2.243991,2.210349,2.177634,2.146986,2.110536,2.049079,1.971262,1.882988,1.795429,1.709514,1.634238,1.56399,1.502478,1.439818,1.382148,1.327716,1.224378,1.07242,0.8789518,0.7011486,0.6423103,0.6423103,0.6423103,0.6423103,0.6423103,0.6423103,0.6423103,0.6423103,0.6423103,0.6423103,0.6423103,0.6423103,0.6423103,0.6423103,0.6423103,0.6423103,0.6423103,0.6423103
0.6423103,0.6423103,0.6423103,0.6423103,0.6423103,0.6423103,0.6423103,0.6423103,0.6423103,0.6423103,0.6423103,0.6423103,0.6423103,0.6423103,0.6423103,0.6423103,0.6423103,0.8903531,1.277414,1.442682,1.612897,1.766178,1.874248,1.948823,1.988625,2.010769,2.015375,2.014547,2.006784,1.99929,1.990905,1.98258,1.971655,1.958725,1.947391,1.943316,1.951245,1.976877,2.016005,2.068467,2.116055,2.15096,2.182759,2.219172,2.255514,2.294876,2.334653,2.377119,2.415562,2.448203,2.470686,2.480225,2.47623,2.45786,2.431281,2.396429,2.36124,2.324674,2.289886,2.253545,2.218928,2.186337,2.157135,2.129922,2.089241,2.035479,1.974025,1.909052,1.841016,1.773861,1.702787,1.632436,1.554353,1.478574,1.407446,1.348522,1.262049,1.098749,0.8918238,0.6829072,0.6423103,0.6423103,0.6423103,0.6423103,0.6423103,0.6423103,0.6423103,0.6423103,0.6423103,0.6423103,0.6423103,0.6423103,0.6423103,0.6423103,0.6423103,0.6423103,0.6423103
0.6423103,0.6423103,0.6423103,0.6423103,0.6423103,0.6423103,0.6423103,0.6423103,0.6423103,0.6423103,0.6423103,0.6423103,0.6423103,0.6423103,0.6423103,0.6423103,0.6423103,0.9780229,1.329214,1.488662,1.670011,1.825457,1.931605,2.002004,2.038751,2.058174,2.061926,2.059818,2.05087,2.040728,2.028733,2.015944,2.000224,1.98152,1.962448,1.949286,1.947178,1.962181,1.993462,2.041934,2.092662,2.136213,2.166402,2.20167,2.237556,2.276888,2.317183,2.36125,2.402379,2.438766,2.465383,2.479129,2.47859,2.462641,2.437646,2.40308,2.367881,2.330655,2.295455,2.258441,2.224091,2.192701,2.165764,2.142658,2.118929,2.086243,2.049,2.006522,1.958708,1.904748,1.839859,1.767892,1.681764,1.594403,1.507489,1.42866,1.362995,1.2739,1.095799,0.840461,0.6423103,0.6423103,0.6423103,0.6423103,0.6423103,0.6423103,0.6423103,0.6423103,0.6423103,0.6423103,0.6423103,0.6423103,0.6423103,0.6423103,0.6423103,0.6423103,0.6423103
0.6423103,0.6423103,0.6423103,0.6423103,0.6423103,0.6423103,0.6423103,0.6423103,0.6423103,0.6423103,0.6423103,0.6423103,0.6423103,0.6423103,0.6423103,0.6423103,0.663436,1.061125,1.359979,1.534675,1.724361,1.88054,1.984457,2.05035,2.084145,2.10114,2.105186,2.10339,2.095379,2.084527,2.070503,2.054245,2.034253,2.009668,1.981748,1.957347,1.942084,1.942342,1.961591,2.00176,2.052683,2.107256,2.144155,2.177188,2.211823,2.250225,2.290049,2.334546,2.377198,2.41632,2.446418,2.464272,2.467645,2.45523,2.433103,2.400762,2.367203,2.331005,2.296844,2.260593,2.227608,2.198214,2.173978,2.154076,2.13867,2.122,2.102954,2.078782,2.048896,2.009527,1.955493,1.888655,1.802609,1.711121,1.61523,1.522967,1.438676,1.35995,1.248827,1.00466,0.7239261,0.6423103,0.6423103,0.6423103,0.6423103,0.6423103,0.6423103,0.6423103,0.6423103,0.6423103,0.6423103,0.6423103,0.6423103,0.6423103,0.6423103,0.6423103,0.6423103
0.6423103,0.6423103,0.6423103,0.6423103,0.6423103,0.6423103,0.6423103,0.6423103,0.6423103,0.6423103,0.6423103,0.6423103,0.6423103,0.6423103,0.6423103,0.6423103,0.7053225,1.130352,1.386542,1.575957,1.771311,1.927042,2.028181,2.088705,2.118334,2.131832,2.135635,2.134745,2.129204,2.119853,2.106075,2.088204,2.065196,2.03537,1.99845,1.961725,1.931393,1.914162,1.918176,1.945965,1.992857,2.054164,2.109674,2.148346,2.181094,2.217865,2.256415,2.300328,2.343439,2.384307,2.417197,2.438962,2.446575,2.438665,2.420663,2.392002,2.361854,2.328238,2.296424,2.262214,2.23147,2.20455,2.183066,2.166102,2.15394,2.14361,2.135418,2.123784,2.10716,2.080949,2.039497,1.982272,1.90277,1.813513,1.714748,1.614651,1.517014,1.418398,1.333026,1.132258,0.8214214,0.6423103,0.6423103,0.6423103,0.6423103,0.6423103,0.6423103,0.6423103,0.6423103,0.6423103,0.6423103,0.6423103,0.6423103,0.6423103,0.6423103,0.6423103,0.6423103
0.6423103,0.6423103,0.6423103,0.6423103,0.6423103,0.6423103,0.6423103,0.6423103,0.6423103,0.6423103,0.6423103,0.6423103,0.6423103,0.6423103,0.6423103,0.6423103,0.7491511,1.184426,1.411076,1.611071,1.810091,1.964528,2.062178,2.116169,2.13965,2.150945,2.155647,2.155096,2.150016,2.141858,2.130604,2.113341,2.088792,2.054532,2.008764,1.959139,1.912634,1.876378,1.863178,1.875558,1.914213,1.975582,2.044712,2.109599,2.148481,2.183189,2.219943,2.262557,2.305325,2.347136,2.382199,2.407593,2.419563,2.416773,2.40375,2.379936,2.354042,2.32451,2.296002,2.264771,2.236855,2.212623,2.193725,2.179224,2.169484,2.161258,2.15512,2.147446,2.13835,2.123096,2.093999,2.048294,1.979003,1.896091,1.79887,1.695184,1.588273,1.474891,1.371674,1.219602,0.9046661,0.6423103,0.6423103,0.6423103,0.6423103,0.6423103,0.6423103,0.6423103,0.6423103,0.6423103,0.6423103,0.6423103,0.6423103,0.6423103,0.6423103,0.6423103,0.6423103
0.6423103,0.6423103,0.6423103,0.6423103,0.6423103,0.6423103,0.6423103,0.6423103,0.6423103,0.6423103,0.6423103,0.6423103,0.6423103,0.6423103,0.6423103,0.6423103,0.7928824,1.227821,1.434091,1.64213,1.843517,1.995889,2.088985,2.134862,2.155672,2.168926,2.175214,2.174943,2.169273,2.159276,2.146366,2.131013,2.106696,2.069018,2.014706,1.951796,1.888352,1.832158,1.800655,1.795711,1.821408,1.877792,1.953249,2.038085,2.106818,2.148946,2.18368,2.224644,2.266639,2.308908,2.345715,2.374438,2.39066,2.39313,2.385375,2.366875,2.345697,2.320419,2.296134,2.268329,2.243518,2.222056,2.205624,2.193293,2.185471,2.178823,2.173958,2.167115,2.158431,2.146137,2.12808,2.094931,2.037951,1.96398,1.871369,1.767173,1.65395,1.529085,1.408455,1.281044,0.9766002,0.65502,0.6423103,0.6423103,0.6423103,0.6423103,0.6423103,0.6423103,0.6423103,0.6423103,0.6423103,0.6423103,0.6423103,0.6423103,0.6423103,0.6423103,0.6423103
0.6423103,0.6423103,0.6423103,0.6423103,0.6423103,0.6423103,0.6423103,0.6423103,0.6423103,0.6423103,0.6423103,0.6423103,0.6423103,0.6423103,0.6423103,0.6423103,0.8429217,1.268945,1.460326,1.676096,1.87903,2.027622,2.113254,2.149943,2.173489,2.188892,2.196903,2.196911,2.190557,2.178516,2.162767,2.144955,2.123199,2.084425,2.023036,1.947353,1.866907,1.790563,1.740492,1.715609,1.727406,1.773935,1.848427,1.943633,2.034624,2.108442,2.149938,2.189002,2.229859,2.272086,2.310138,2.341708,2.361857,2.369432,2.366966,2.353969,2.337762,2.31706,2.296838,2.273409,2.251937,2.233376,2.21941,2.209125,2.202934,2.197518,2.193466,2.187042,2.178365,2.165762,2.148605,2.126849,2.083707,2.020585,1.93509,1.833203,1.716725,1.583496,1.448323,1.326736,1.048486,0.6898984,0.6423103,0.6423103,0.6423103,0.6423103,0.6423103,0.6423103,0.6423103,0.6423103,0.6423103,0.6423103,0.6423103,0.6423103,0.6423103,0.6423103,0.6423103
0.6423103,0.6423103,0.6423103,0.6423103,0.6423103,0.6423103,0.6423103,0.6423103,0.6423103,0.6423103,0.6423103,0.6423103,0.6423103,0.6423103,0.6423103,0.6423103,0.907957,1.311649,1.495933,1.720501,1.923638,2.064387,2.135925,2.169066,2.195963,2.213706,2.223471,2.223572,2.2162,2.201667,2.182596,2.161014,2.138512,2.102745,2.037416,1.950916,1.854693,1.759323,1.689184,1.647153,1.644702,1.678578,1.746218,1.842631,1.945437,2.041755,2.112798,2.15642,2.195445,2.236677,2.275059,2.308619,2.3322,2.34476,2.347855,2.341003,2.330535,2.315324,2.299992,2.281178,2.264488,2.249184,2.237688,2.229114,2.22379,2.218655,2.214162,2.207015,2.19722,2.183571,2.165341,2.144573,2.11394,2.061666,1.98424,1.886638,1.770202,1.6328,1.487997,1.355484,1.120263,0.739431,0.6423103,0.6423103,0.6423103,0.6423103,0.6423103,0.6423103,0.6423103,0.6423103,0.6423103,0.6423103,0.6423103,0.6423103,0.6423103,0.6423103,0.6423103
0.6423103,0.6423103,0.6423103,0.6423103,0.6423103,0.6423103,0.6423103,0.6423103,0.6423103,0.6423103,0.6423103,0.6423103,0.6423103,0.6423103,0.6423103,0.6423103,0.9967327,1.35062,1.547532,1.781244,1.98038,2.104757,2.157587,2.194097,2.224469,2.244391,2.255493,2.255093,2.245991,2.228272,2.205239,2.179345,2.15266,2.120563,2.055106,1.960613,1.850948,1.735765,1.65029,1.593677,1.578533,1.599582,1.657128,1.74791,1.853376,1.961139,2.0528,2.124486,2.163422,2.20249,2.240032,2.274424,2.300683,2.317918,2.32678,2.326787,2.323009,2.314484,2.305176,2.292181,2.280422,2.270127,2.261292,2.25416,2.248859,2.242871,2.23639,2.227082,2.214742,2.199093,2.179205,2.15741,2.131696,2.088892,2.018961,1.92623,1.812115,1.674224,1.525027,1.381236,1.188963,0.8047023,0.6423103,0.6423103,0.6423103,0.6423103,0.6423103,0.6423103,0.6423103,0.6423103,0.6423103,0.6423103,0.6423103,0.6423103,0.6423103,0.6423103,0.6423103
0.6423103,0.6423103,0.6423103,0.6423103,0.6423103,0.6423103,0.6423103,0.6423103,0.6423103,0.6423103,0.6423103,0.6423103,0.6423103,0.6423103,0.6423103,0.6827774,1.110572,1.394114,1.619885,1.85972,2.045568,2.139206,2.185668,2.225723,2.25923,2.28067,2.292128,2.290186,2.278284,2.256512,2.228843,2.198158,2.166932,2.134254,2.071734,1.971956,1.847598,1.719161,1.621483,1.553708,1.52845,1.538269,1.584834,1.665913,1.767175,1.877104,1.978689,2.071992,2.133068,2.169273,2.204751,2.23867,2.266647,2.287969,2.302552,2.309915,2.313658,2.312997,2.310905,2.305074,2.299391,2.293989,2.289736,2.28402,2.278109,2.270275,2.260369,2.24753,2.231265,2.212676,2.190528,2.167517,2.141655,2.106261,2.042423,1.954032,1.843163,1.707143,1.557778,1.407776,1.249457,0.8820184,0.6423103,0.6423103,0.6423103,0.6423103,0.6423103,0.6423103,0.6423103,0.6423103,0.6423103,0.6423103,0.6423103,0.6423103,0.6423103,0.6423103,0.6423103
0.6423103,0.6423103,0.6423103,0.6423103,0.6423103,0.6423103,0.6423103,0.6423103,0.6423103,0.6423103,0.6423103,0.6423103,0.6423103,0.6423103,0.6423103,0.7855424,1.236935,1.461404,1.714617,1.951513,2.107673,2.169705,2.220472,2.263641,2.299262,2.320909,2.331077,2.3261,2.310024,2.283291,2.250428,2.214694,2.178809,2.142373,2.082722,1.974291,1.841167,1.70352,1.597558,1.522696,1.490433,1.491583,1.527919,1.597624,1.690266,1.795445,1.898121,2.000823,2.083923,2.136996,2.169366,2.201548,2.230145,2.254648,2.274481,2.289198,2.300861,2.308864,2.314929,2.317434,2.318948,2.319517,2.319174,2.317172,2.310493,2.300279,2.286024,2.268707,2.247535,2.225302,2.20041,2.175971,2.149169,2.117948,2.058904,1.97391,1.866157,1.732898,1.585833,1.43346,1.297323,0.9634864,0.6423103,0.6423103,0.6423103,0.6423103,0.6423103,0.6423103,0.6423103,0.6423103,0.6423103,0.6423103,0.6423103,0.6423103,0.6423103,0.6423103,0.6423103
0.6423103,0.6423103,0.6423103,0.6423103,0.6423103,0.6423103,0.6423103,0.6423103,0.6423103,0.6423103,0.6423103,0.6423103,0.6423103,0.6423103,0.6423103,0.939199,1.338898,1.554582,1.826319,2.043661,2.14914,2.206526,2.261171,2.306494,2.342588,2.362616,2.369395,2.359672,2.337998,2.305548,2.267199,2.226479,2.186138,2.146082,2.081337,1.96597,1.825557,1.6828,1.57286,1.495255,1.459187,1.454414,1.481979,1.540152,1.621733,1.717548,1.814738,1.916675,2.009417,2.084659,2.133989,2.163744,2.191894,2.218462,2.242662,2.264131,2.283495,2.300337,2.314975,2.326516,2.336057,2.343598,2.348041,2.348578,2.344169,2.331669,2.312886,2.290772,2.26429,2.238062,2.210126,2.184051,2.15615,2.126928,2.072019,1.989532,1.884034,1.753086,1.60885,1.456274,1.329841,1.037945,0.6841022,0.6423103,0.6423103,0.6423103,0.6423103,0.6423103,0.6423103,0.6423103,0.6423103,0.6423103,0.6423103,0.6423103,0.6423103,0.6423103,0.6423103
0.6423103,0.6423103,0.6423103,0.6423103,0.6423103,0.6423103,0.6423103,0.6423103,0.6423103,0.6423103,0.6423103,0.6423103,0.6423103,0.6423103,0.68389,1.117124,1.40825,1.668444,1.941861,2.116616,2.186619,2.248456,2.30612,2.352237,2.386768,2.40312,2.404306,2.388219,2.359749,2.321152,2.277384,2.232094,2.187814,2.142386,2.068773,1.94372,1.797157,1.653328,1.543768,1.467653,1.43078,1.422586,1.442937,1.490126,1.559462,1.643043,1.730144,1.823532,1.91515,1.998499,2.070858,2.123162,2.152943,2.180416,2.207831,2.234964,2.261243,2.286438,2.309462,2.330136,2.348085,2.363339,2.37343,2.377423,2.373729,2.363048,2.340258,2.313617,2.281956,2.251701,2.220598,2.192689,2.163481,2.134625,2.083852,2.003138,1.898505,1.768349,1.625807,1.473631,1.347744,1.094781,0.7322404,0.6423103,0.6423103,0.6423103,0.6423103,0.6423103,0.6423103,0.6423103,0.6423103,0.6423103,0.6423103,0.6423103,0.6423103,0.6423103,0.6423103
0.6423103,0.6423103,0.6423103,0.6423103,0.6423103,0.6423103,0.6423103,0.6423103,0.6423103,0.6423103,0.6423103,0.6423103,0.6423103,0.6423103,0.8175862,1.271837,1.500738,1.789811,2.042748,2.15708,2.227243,2.29298,2.352449,2.397802,2.428719,2.439531,2.433314,2.409749,2.373845,2.32917,2.280464,2.231338,2.180565,2.132827,2.042697,1.905565,1.754153,1.612952,1.507719,1.436771,1.4017,1.392146,1.406626,1.443597,1.500292,1.570142,1.644387,1.724246,1.80679,1.886615,1.96851,2.043211,2.103653,2.142128,2.171462,2.202768,2.234612,2.266948,2.297441,2.326544,2.352596,2.37577,2.39213,2.400548,2.398898,2.388029,2.36694,2.336702,2.300603,2.266659,2.232471,2.202569,2.171811,2.141694,2.095554,2.01616,1.910657,1.778912,1.635498,1.482857,1.355621,1.125858,0.7663804,0.6423103,0.6423103,0.6423103,0.6423103,0.6423103,0.6423103,0.6423103,0.6423103,0.6423103,0.6423103,0.6423103,0.6423103,0.6423103,0.6423103
0.6423103,0.6423103,0.6423103,0.6423103,0.6423103,0.6423103,0.6423103,0.6423103,0.6423103,0.6423103,0.6423103,0.6423103,0.6423103,0.6423103,0.9770865,1.357194,1.603564,1.901426,2.112593,2.192645,2.267782,2.33656,2.396523,2.439728,2.465462,2.469555,2.455006,2.42368,2.380486,2.330346,2.277542,2.221008,2.168389,2.113685,2.002345,1.85264,1.698379,1.562977,1.465224,1.402143,1.370877,1.361454,1.371068,1.39853,1.442585,1.498123,1.558169,1.622138,1.690907,1.759581,1.840023,1.924141,2.008621,2.083379,2.135147,2.169165,2.204886,2.242619,2.279058,2.315158,2.348311,2.378949,2.401753,2.415358,2.417179,2.407676,2.385919,2.359078,2.319747,2.28275,2.245741,2.213736,2.18119,2.149297,2.106904,2.028486,1.920104,1.783788,1.636036,1.48127,1.354483,1.125308,0.771345,0.6423103,0.6423103,0.6423103,0.6423103,0.6423103,0.6423103,0.6423103,0.6423103,0.6423103,0.6423103,0.6423103,0.6423103,0.6423103,0.6423103
0.6423103,0.6423103,0.6423103,0.6423103,0.6423103,0.6423103,0.6423103,0.6423103,0.6423103,0.6423103,0.6423103,0.6423103,0.6423103,0.6820041,1.117072,1.416234,1.699118,1.988774,2.147069,2.225024,2.304143,2.374951,2.434318,2.474554,2.494504,2.491786,2.469212,2.430865,2.381375,2.32687,2.264988,2.207089,2.153612,2.083492,1.95062,1.790022,1.635319,1.507893,1.419665,1.366004,1.338451,1.325526,1.334472,1.355691,1.387326,1.428595,1.474199,1.522173,1.575623,1.630018,1.701951,1.785311,1.882071,1.982923,2.073592,2.135952,2.173882,2.214991,2.255461,2.296588,2.335236,2.372199,2.401031,2.420133,2.42659,2.419965,2.399509,2.372475,2.338331,2.299125,2.259709,2.225563,2.191038,2.157144,2.116817,2.03879,1.925226,1.781026,1.625243,1.466861,1.342428,1.087375,0.7407327,0.6423103,0.6423103,0.6423103,0.6423103,0.6423103,0.6423103,0.6423103,0.6423103,0.6423103,0.6423103,0.6423103,0.6423103,0.6423103,0.6423103
0.6423103,0.6423103,0.6423103,0.6423103,0.6423103,0.6423103,0.6423103,0.6423103,0.6423103,0.6423103,0.6423103,0.6423103,0.6423103,0.7456223,1.212817,1.470637,1.773327,2.046309,2.16899,2.250633,2.332479,2.40434,2.462446,2.499603,2.514227,2.50568,2.476514,2.432734,2.378587,2.313026,2.250022,2.191836,2.13837,2.044842,1.893259,1.724731,1.571859,1.453596,1.376127,1.327544,1.280639,1.257297,1.266247,1.299013,1.337212,1.366456,1.398045,1.4313,1.470021,1.51032,1.570231,1.646147,1.744795,1.859686,1.978521,2.082342,2.143201,2.185724,2.228242,2.272241,2.31447,2.356153,2.390084,2.414468,2.426236,2.423661,2.406257,2.38063,2.346725,2.314658,2.273329,2.237078,2.200456,2.164412,2.124283,2.045424,1.923949,1.768414,1.60136,1.439235,1.308772,1.006585,0.682432,0.6423103,0.6423103,0.6423103,0.6423103,0.6423103,0.6423103,0.6423103,0.6423103,0.6423103,0.6423103,0.6423103,0.6423103,0.6423103,0.6423103
0.6423103,0.6423103,0.6423103,0.6423103,0.6423103,0.6423103,0.6423103,0.6423103,0.6423103,0.6423103,0.6423103,0.6423103,0.6423103,0.7894217,1.262491,1.5071,1.818444,2.076555,2.182791,2.266572,2.349807,2.421916,2.478626,2.513326,2.524062,2.511586,2.47815,2.431131,2.363609,2.297532,2.234735,2.177205,2.120571,2.003621,1.837863,1.664501,1.514948,1.406009,1.338439,1.260666,1.190905,1.155677,1.159774,1.195845,1.248563,1.29878,1.335449,1.358223,1.383807,1.411786,1.458436,1.523038,1.615453,1.733134,1.86739,2.001057,2.102627,2.156539,2.199306,2.244129,2.287986,2.332538,2.370218,2.399115,2.416181,2.418218,2.405044,2.382044,2.34968,2.317672,2.28513,2.246893,2.208166,2.169947,2.128462,2.046371,1.913768,1.743791,1.563808,1.400759,1.235928,0.8854257,0.6423103,0.6423103,0.6423103,0.6423103,0.6423103,0.6423103,0.6423103,0.6423103,0.6423103,0.6423103,0.6423103,0.6423103,0.6423103,0.6423103,0.6423103
0.6423103,0.6423103,0.6423103,0.6423103,0.6423103,0.6423103,0.6423103,0.6423103,0.6423103,0.6423103,0.6423103,0.6423103,0.6423103,0.8008217,1.276492,1.520092,1.834374,2.086353,2.18778,2.272228,2.355681,2.427462,2.482946,2.516103,2.524664,2.510329,2.475034,2.412833,2.345747,2.280829,2.219493,2.163512,2.098318,1.963575,1.788369,1.613133,1.468143,1.368624,1.284957,1.173468,1.084524,1.037583,1.033547,1.065244,1.11977,1.179191,1.231676,1.273571,1.312389,1.341213,1.374679,1.425251,1.505252,1.616437,1.75425,1.90485,2.036679,2.126678,2.170245,2.214297,2.258144,2.303859,2.343833,2.376122,2.397839,2.40434,2.39576,2.375956,2.345893,2.314544,2.281649,2.253719,2.212996,2.172711,2.128891,2.039859,1.892684,1.706255,1.514513,1.357672,1.11464,0.7478375,0.6423103,0.6423103,0.6423103,0.6423103,0.6423103,0.6423103,0.6423103,0.6423103,0.6423103,0.6423103,0.6423103,0.6423103,0.6423103,0.6423103,0.6423103
0.6423103,0.6423103,0.6423103,0.6423103,0.6423103,0.6423103,0.6423103,0.6423103,0.6423103,0.6423103,0.6423103,0.6423103,0.6423103,0.7830412,1.265768,1.513457,1.828265,2.082945,2.18601,2.270109,2.352959,2.423965,2.478217,2.510305,2.517655,2.502725,2.448904,2.388353,2.323392,2.261074,2.202415,2.148977,2.069959,1.921547,1.741434,1.568134,1.43023,1.340379,1.220924,1.086457,0.9853846,0.9303215,0.918197,0.9412844,0.9887305,1.044684,1.097804,1.143972,1.193987,1.240216,1.303145,1.354895,1.417169,1.513924,1.645041,1.80084,1.951738,2.075214,2.141593,2.183874,2.226604,2.272238,2.313285,2.347831,2.373235,2.383542,2.379208,2.362525,2.334918,2.304475,2.271542,2.242664,2.214379,2.17225,2.125263,2.024989,1.860449,1.65764,1.458961,1.29977,0.9583372,0.643913,0.6423103,0.6423103,0.6423103,0.6423103,0.6423103,0.6423103,0.6423103,0.6423103,0.6423103,0.6423103,0.6423103,0.6423103,0.6423103,0.6423103,0.6423103
0.6423103,0.6423103,0.6423103,0.6423103,0.6423103,0.6423103,0.6423103,0.6423103,0.6423103,0.6423103,0.6423103,0.6423103,0.6423103,0.752408,1.241329,1.497257,1.810771,2.072167,2.180515,2.263545,2.345156,2.415008,2.46795,2.499288,2.506144,2.468736,2.41709,2.359636,2.298193,2.239654,2.184659,2.134271,2.037927,1.881434,1.701495,1.533618,1.40412,1.312842,1.168909,1.02303,0.9166526,0.8573996,0.8391136,0.8532578,0.8903464,0.9367284,0.9821038,1.022287,1.069514,1.116704,1.193771,1.280153,1.354474,1.430652,1.546168,1.69606,1.854544,2.000643,2.101583,2.153566,2.194299,2.238704,2.27951,2.314884,2.342444,2.355266,2.354074,2.339838,2.314351,2.284842,2.252155,2.222759,2.193821,2.166649,2.114227,1.997394,1.814859,1.600058,1.404418,1.196635,0.8058982,0.6423103,0.6423103,0.6423103,0.6423103,0.6423103,0.6423103,0.6423103,0.6423103,0.6423103,0.6423103,0.6423103,0.6423103,0.6423103,0.6423103,0.6423103,0.6423103
0.6423103,0.6423103,0.6423103,0.6423103,0.6423103,0.6423103,0.6423103,0.6423103,0.6423103,0.6423103,0.6423103,0.6423103,0.6423103,0.719555,1.208752,1.477027,1.78695,2.055968,2.172631,2.253919,2.333677,2.402042,2.453702,2.484756,2.464067,2.429426,2.381512,2.328583,2.271968,2.21821,2.167641,2.115653,2.006556,1.84813,1.672799,1.512316,1.390443,1.295722,1.143104,0.9937667,0.8852795,0.8232493,0.8002108,0.8070261,0.8347307,0.871148,0.9067442,0.93707,0.974641,1.012939,1.086123,1.180291,1.290943,1.369686,1.463669,1.598419,1.753518,1.91049,2.035498,2.120222,2.162224,2.20428,2.243441,2.277976,2.305745,2.31934,2.319668,2.306819,2.282817,2.254173,2.222058,2.192726,2.163837,2.136738,2.090442,1.952618,1.754892,1.536782,1.357203,1.070015,0.6930352,0.6423103,0.6423103,0.6423103,0.6423103,0.6423103,0.6423103,0.6423103,0.6423103,0.6423103,0.6423103,0.6423103,0.6423103,0.6423103,0.6423103,0.6423103,0.6423103
0.6423103,0.6423103,0.6423103,0.6423103,0.6423103,0.6423103,0.6423103,0.6423103,0.6423103,0.6423103,0.6423103,0.6423103,0.6423103,0.6879191,1.168576,1.453937,1.757288,2.033648,2.162514,2.241365,2.318652,2.385223,2.435704,2.433877,2.415686,2.38514,2.342487,2.295422,2.244839,2.196725,2.151205,2.092309,1.976522,1.821101,1.653633,1.501662,1.38621,1.293315,1.14327,0.9953726,0.8857778,0.8207163,0.7932695,0.7942582,0.8146869,0.8429552,0.8697195,0.8899102,0.9159133,0.9412889,1.001601,1.086968,1.20623,1.321261,1.399472,1.513013,1.65581,1.812705,1.950544,2.061355,2.130169,2.169956,2.206202,2.238315,2.264343,2.276925,2.277055,2.264461,2.241252,2.213416,2.182254,2.153665,2.122378,2.069522,1.987685,1.889065,1.683057,1.47296,1.305169,0.9450899,0.6423103,0.6423103,0.6423103,0.6423103,0.6423103,0.6423103,0.6423103,0.6423103,0.6423103,0.6423103,0.6423103,0.6423103,0.6423103,0.6423103,0.6423103,0.6423103,0.6423103
0.6423103,0.6423103,0.6423103,0.6423103,0.6423103,0.6423103,0.6423103,0.6423103,0.6423103,0.6423103,0.6423103,0.6423103,0.6423103,0.661198,1.123356,1.429946,1.723592,2.005645,2.150838,2.226711,2.301065,2.365644,2.377317,2.376922,2.362136,2.33665,2.30036,2.260053,2.216277,2.174295,2.13379,2.061982,1.942897,1.792963,1.635138,1.492779,1.384097,1.295472,1.152121,1.008318,0.8989048,0.8313692,0.800112,0.7963946,0.8111711,0.8330593,0.8525354,0.8636688,0.8786602,0.8908057,0.9357702,1.005395,1.117815,1.24859,1.351621,1.441037,1.565508,1.713627,1.8543,1.979891,2.075191,2.136705,2.169188,2.197678,2.220402,2.230528,2.22904,2.215805,2.192879,2.16592,2.136076,2.09178,2.020819,1.933031,1.825628,1.714805,1.608694,1.417302,1.229769,0.8460975,0.6423103,0.6423103,0.6423103,0.6423103,0.6423103,0.6423103,0.6423103,0.6423103,0.6423103,0.6423103,0.6423103,0.6423103,0.6423103,0.6423103,0.6423103,0.6423103,0.6423103
0.6423103,0.6423103,0.6423103,0.6423103,0.6423103,0.6423103,0.6423103,0.6423103,0.6423103,0.6423103,0.6423103,0.6423103,0.6423103,0.6423103,1.053999,1.397191,1.674023,1.961415,2.134453,2.206784,2.277573,2.298659,2.310016,2.311673,2.301288,2.281921,2.253203,2.220693,2.184686,2.149555,2.104681,2.021399,1.902794,1.761415,1.615654,1.484624,1.383587,1.30163,1.16906,1.032313,0.9246451,0.855186,0.8203076,0.8122239,0.8219993,0.8383194,0.8512866,0.8540393,0.858726,0.8583477,0.8880562,0.9398565,1.037344,1.165507,1.299146,1.384379,1.486774,1.619189,1.753768,1.883349,1.992873,2.082291,2.132116,2.156654,2.174845,2.181404,2.17724,2.162743,2.139814,2.10187,2.031305,1.94282,1.837567,1.728989,1.615947,1.515015,1.432586,1.368038,1.137228,0.7648485,0.6423103,0.6423103,0.6423103,0.6423103,0.6423103,0.6423103,0.6423103,0.6423103,0.6423103,0.6423103,0.6423103,0.6423103,0.6423103,0.6423103,0.6423103,0.6423103,0.6423103
0.6423103,0.6423103,0.6423103,0.6423103,0.6423103,0.6423103,0.6423103,0.6423103,0.6423103,0.6423103,0.6423103,0.6423103,0.6423103,0.6423103,0.960219,1.359635,1.610143,1.899107,2.104063,2.182716,2.20689,2.225787,2.236987,2.240874,2.23521,2.222243,2.201446,2.177002,2.149044,2.114901,2.051506,1.960654,1.8449,1.71391,1.582238,1.465153,1.37501,1.296005,1.169642,1.039738,0.935638,0.8663791,0.8294472,0.817912,0.8232525,0.8345878,0.8418802,0.8375621,0.8335984,0.8229963,0.8395452,0.8750474,0.955561,1.072706,1.217794,1.338638,1.418166,1.529997,1.65165,1.776405,1.889353,1.99267,2.063861,2.106771,2.128131,2.131567,2.121708,2.092589,2.033257,1.947445,1.835965,1.722619,1.606785,1.50349,1.413681,1.349186,1.273271,1.160529,1.047023,0.708321,0.6423103,0.6423103,0.6423103,0.6423103,0.6423103,0.6423103,0.6423103,0.6423103,0.6423103,0.6423103,0.6423103,0.6423103,0.6423103,0.6423103,0.6423103,0.6423103,0.6423103
0.6423103,0.6423103,0.6423103,0.6423103,0.6423103,0.6423103,0.6423103,0.6423103,0.6423103,0.6423103,0.6423103,0.6423103,0.6423103,0.6423103,0.8447311,1.30736,1.533645,1.816462,2.049687,2.101403,2.133465,2.150502,2.161485,2.16738,2.166167,2.159232,2.146002,2.127627,2.091922,2.037078,1.961949,1.869077,1.759827,1.642103,1.527531,1.428159,1.35364,1.265084,1.137027,1.012012,0.9129677,0.8465508,0.8098806,0.7963499,0.7980424,0.8050324,0.807703,0.7983791,0.7884229,0.7714629,0.7780585,0.8002266,0.8635668,0.9651861,1.108839,1.261581,1.359515,1.44652,1.549494,1.661972,1.769173,1.873952,1.95215,2.004172,2.031452,2.028439,1.996603,1.934017,1.836257,1.72182,1.597047,1.489112,1.396465,1.326416,1.203456,1.053544,0.9223484,0.8079955,0.729457,0.6722682,0.6423103,0.6423103,0.6423103,0.6423103,0.6423103,0.6423103,0.6423103,0.6423103,0.6423103,0.6423103,0.6423103,0.6423103,0.6423103,0.6423103,0.6423103,0.6423103,0.6423103
0.6423103,0.6423103,0.6423103,0.6423103,0.6423103,0.6423103,0.6423103,0.6423103,0.6423103,0.6423103,0.6423103,0.6423103,0.6423103,0.6423103,0.7238176,1.196777,1.450473,1.714814,1.80173,1.882045,1.950869,2.003183,2.036755,2.057616,2.063954,2.058822,2.039654,2.008108,1.960632,1.899683,1.824578,1.737766,1.641169,1.541897,1.449517,1.373525,1.303476,1.185109,1.051284,0.9319805,0.8417814,0.78281,0.75023,0.7371017,0.7363354,0.7397795,0.7393259,0.728393,0.7167328,0.6996312,0.7005031,0.7127302,0.7578093,0.8389525,0.9691261,1.13313,1.283232,1.371233,1.44982,1.543141,1.636758,1.732734,1.806408,1.854968,1.875366,1.858078,1.803601,1.717695,1.603705,1.490998,1.390137,1.311311,1.158817,0.9744899,0.8044767,0.6894424,0.6423103,0.6423103,0.6423103,0.6423103,0.6423103,0.6423103,0.6423103,0.6423103,0.6423103,0.6423103,0.6423103,0.6423103,0.6423103,0.6423103,0.6423103,0.6423103,0.6423103,0.6423103,0.6423103,0.6423103,0.6423103
0.6423103,0.6423103,0.6423103,0.6423103,0.6423103,0.6423103,0.6423103,0.6423103,0.6423103,0.6423103,0.6423103,0.6423103,0.6423103,0.6423103,0.6423103,1.030721,1.372353,1.428899,1.495973,1.568356,1.640462,1.705518,1.756059,1.795784,1.818779,1.826548,1.817195,1.793636,1.754677,1.703578,1.641187,1.570726,1.495665,1.422865,1.360438,1.289001,1.168265,1.029079,0.8996486,0.7972858,0.7272091,0.6855072,0.6642116,0.6556996,0.6543446,0.6553,0.6539673,0.6469072,0.6423103,0.6423103,0.6423103,0.6423103,0.6569575,0.7070248,0.8059269,0.9561331,1.127441,1.280825,1.360782,1.427693,1.50053,1.5794,1.640606,1.678554,1.687225,1.657267,1.59098,1.502727,1.404619,1.323179,1.15917,0.9586117,0.7672377,0.6478701,0.6423103,0.6423103,0.6423103,0.6423103,0.6423103,0.6423103,0.6423103,0.6423103,0.6423103,0.6423103,0.6423103,0.6423103,0.6423103,0.6423103,0.6423103,0.6423103,0.6423103,0.6423103,0.6423103,0.6423103,0.6423103,0.6423103,0.6423103
0.6423103,0.6423103,0.6423103,0.6423103,0.6423103,0.6423103,0.6423103,0.6423103,0.6423103,0.6423103,0.6423103,0.6423103,0.6423103,0.6423103,0.6423103,0.8414222,0.9714296,1.102635,1.221019,1.310381,1.360469,1.403434,1.444741,1.484271,1.514912,1.534546,1.540652,1.533848,1.51387,1.483162,1.44392,1.400112,1.356611,1.300516,1.199865,1.069262,0.9309995,0.8071799,0.7134375,0.6552846,0.6423103,0.6423103,0.6423103,0.6423103,0.6423103,0.6423103,0.6423103,0.6423103,0.6423103,0.6423103,0.6423103,0.6423103,0.6423103,0.6423103,0.6615057,0.7609169,0.9103927,1.085801,1.23051,1.329517,1.378887,1.433585,1.47748,1.502823,1.502489,1.469773,1.411044,1.347245,1.218708,1.012475,0.7920399,0.6528805,0.6423103,0.6423103,0.6423103,0.6423103,0.6423103,0.6423103,0.6423103,0.6423103,0.6423103,0.6423103,0.6423103,0.6423103,0.6423103,0.6423103,0.6423103,0.6423103,0.6423103,0.6423103,0.6423103,0.6423103,0.6423103,0.6423103,0.6423103,0.6423103,0.6423103
0.6423103,0.6423103,0.6423103,0.6423103,0.6423103,0.6423103,0.6423103,0.6423103,0.6423103,0.6423103,0.6423103,0.6423103,0.6423103,0.6423103,0.6423103,0.6423103,0.6423103,0.6423103,0.6996107,0.7969901,0.9121411,1.028017,1.125665,1.2078,1.265409,1.301013,1.318979,1.323858,1.31685,1.296052,1.256663,1.194023,1.106368,0.9980552,0.8802755,0.7692294,0.6820922,0.6423103,0.6423103,0.6423103,0.6423103,0.6423103,0.6423103,0.6423103,0.6423103,0.6423103,0.6423103,0.6423103,0.6423103,0.6423103,0.6423103,0.6423103,0.6423103,0.6423103,0.6423103,0.6423103,0.7002263,0.8335994,0.9801713,1.123056,1.233439,1.314005,1.34903,1.362631,1.359869,1.33529,1.258513,1.108039,0.8917009,0.7042875,0.6423103,0.6423103,0.6423103,0.6423103,0.6423103,0.6423103,0.6423103,0.6423103,0.6423103,0.6423103,0.6423103,0.6423103,0.6423103,0.6423103,0.6423103,0.6423103,0.6423103,0.6423103,0.6423103,0.6423103,0.6423103,0.6423103,0.6423103,0.6423103,0.6423103,0.6423103,0.6423103
0.6423103,0.6423103,0.6423103,0.6423103,0.6423103,0.6423103,0.6423103,0.6423103,0.6423103,0.6423103,0.6423103,0.6423103,0.6423103,0.6423103,0.6423103,0.6423103,0.6423103,0.6423103,0.6423103,0.6423103,0.6423103,0.6423103,0.6506693,0.7055265,0.7693856,0.8285614,0.8737721,0.8997682,0.9041493,0.8866699,0.8489578,0.7951915,0.732966,0.6737795,0.6423103,0.6423103,0.6423103,0.6423103,0.6423103,0.6423103,0.6423103,0.6423103,0.6423103,0.6423103,0.6423103,0.6423103,0.6423103,0.6423103,0.6423103,0.6423103,0.6423103,0.6423103,0.6423103,0.6423103,0.6423103,0.6423103,0.6423103,0.6450427,0.7244125,0.8368995,0.9508823,1.065026,1.139563,1.174498,1.167185,1.101919,0.9732458,0.8072462,0.6568496,0.6423103,0.6423103,0.6423103,0.6423103,0.6423103,0.6423103,0.6423103,0.6423103,0.6423103,0.6423103,0.6423103,0.6423103,0.6423103,0.6423103,0.6423103,0.6423103,0.6423103,0.6423103,0.6423103,0.6423103,0.6423103,0.6423103,0.6423103,0.6423103,0.6423103,0.6423103,0.6423103,0.6423103
0.6423103,0.6423103,0.6423103,0.6423103,0.6423103,0.6423103,0.6423103,0.6423103,0.6423103,0.6423103,0.6423103,0.6423103,0.6423103,0.6423103,0.6423103,0.6423103,0.6423103,0.6423103,0.6423103,0.6423103,0.6423103,0.6423103,0.6423103,0.6423103,0.6423103,0.6423103,0.6423103,0.6423103,0.6423103,0.6423103,0.6423103,0.6423103,0.6423103,0.6423103,0.6423103,0.6423103,0.6423103,0.6423103,0.6423103,0.6423103,0.6423103,0.6423103,0.6423103,0.6423103,0.6423103,0.6423103,0.6423103,0.6423103,0.6423103,0.6423103,0.6423103,0.6423103,0.6423103,0.6423103,0.6423103,0.6423103,0.6423103,0.6423103,0.6423103,0.6423103,0.6978821,0.7798543,0.8469841,0.8839858,0.8798218,0.8188259,0.7189714,0.6423103,0.6423103,0.6423103,0.6423103,0.6423103,0.6423103,0.6423103,0.6423103,0.6423103,0.6423103,0.6423103,0.6423103,0.6423103,0.6423103,0.6423103,0.6423103,0.6423103,0.6423103,0.6423103,0.6423103,0.6423103,0.6423103,0.6423103,0.6423103,0.6423103,0.6423103,0.6423103,0.6423103,0.6423103,0.6423103
0.6423103,0.6423103,0.6423103,0.6423103,0.6423103,0.6423103,0.6423103,0.6423103,0.6423103,0.6423103,0.6423103,0.6423103,0.6423103,0.6423103,0.6423103,0.6423103,0.6423103,0.6423103,0.6423103,0.6423103,0.6423103,0.6423103,0.6423103,0.6423103,0.6423103,0.6423103,0.6423103,0.6423103,0.6423103,0.6423103,0.6423103,0.6423103,0.6423103,0.6423103,0.6423103,0.6423103,0.6423103,0.6423103,0.6423103,0.6423103,0.6423103,0.6423103,0.6423103,0.6423103,0.6423103,0.6423103,0.6423103,0.6423103,0.6423103,0.6423103,0.6423103,0.6423103,0.6423103,0.6423103,0.6423103,0.6423103,0.6423103,0.6423103,0.6423103,0.6423103,0.6423103,0.6423103,0.6530877,0.6714003,0.6699437,0.6423103,0.6423103,0.6423103,0.6423103,0.6423103,0.6423103,0.6423103,0.6423103,0.6423103,0.6423103,0.6423103,0.6423103,0.6423103,0.6423103,0.6423103,0.6423103,0.6423103,0.6423103,0.6423103,0.6423103,0.6423103,0.6423103,0.6423103,0.6423103,0.6423103,0.6423103,0.6423103,0.6423103,0.6423103,0.6423103,0.6423103,0.6423103
0.6423103,0.6423103,0.6423103,0.6423103,0.6423103,0.6423103,0.6423103,0.6423103,0.6423103,0.6423103,0.6423103,0.6423103,0.6423103,0.6423103,0.6423103,0.6423103,0.6423103,0.6423103,0.6423103,0.6423103,0.6423103,0.6423103,0.6423103,0.6423103,0.6423103,0.6423103,0.6423103,0.6423103,0.6423103,0.6423103,0.6423103,0.6423103,0.6423103,0.6423103,0.6423103,0.6423103,0.6423103,0.6423103,0.6423103,0.6423103,0.6423103,0.6423103,0.6423103,0.6423103,0.6423103,0.6423103,0.6423103,0.6423103,0.6423103,0.6423103,0.6423103,0.6423103,0.6423103,0.6423103,0.6423103,0.6423103,0.6423103,0.6423103,0.6423103,0.6423103,0.6423103,0.6423103,0.6423103,0.6423103,0.6423103,0.6423103,0.6423103,0.6423103,0.6423103,0.6423103,0.6423103,0.6423103,0.6423103,0.6423103,0.6423103,0.6423103,0.6423103,0.6423103,0.6423103,0.6423103,0.6423103,0.6423103,0.6423103,0.6423103,0.6423103,0.6423103,0.6423103,0.6423103,0.6423103,0.6423103,0.6423103,0.6423103,0.6423103,0.6423103,0.6423103,0.6423103,0.6423103
0.6423103,0.6423103,0.6423103,0.6423103,0.6423103,0.6423103,0.6423103,0.6423103,0.6423103,0.6423103,0.6423103,0.6423103,0.6423103,0.6423103,0.6423103,0.6423103,0.6423103,0.6423103,0.6423103,0.6423103,0.6423103,0.6423103,0.6423103,0.6423103,0.6423103,0.6423103,0.6423103,0.6423103,0.6423103,0.6423103,0.6423103,0.6423103,0.6423103,0.6423103,0.6423103,0.6423103,0.6423103,0.6423103,0.6423103,0.6423103,0.6423103,0.6423103,0.6423103,0.6423103,0.6423103,0.6423103,0.6423103,0.6423103,0.6423103,0.6423103,0.6423103,0.6423103,0.6423103,0.6423103,0.6423103,0.6423103,0.6423103,0.6423103,0.6423103,0.6423103,0.6423103,0.6423103,0.6423103,0.6423103,0.6423103,0.6423103,0.6423103,0.6423103,0.6423103,0.6423103,0.6423103,0.6423103,0.6423103,0.6423103,0.6423103,0.6423103,0.6423103,0.6423103,0.6423103,0.6423103,0.6423103,0.6423103,0.6423103,0.6423103,0.6423103,0.6423103,0.6423103,0.6423103,0.6423103,0.6423103,0.6423103,0.6423103,0.6423103,0.6423103,0.6423103,0.6423103,0.6423103
0.6423103,0.6423103,0.6423103,0.6423103,0.6423103,0.6423103,0.6423103,0.6423103,0.6423103,0.6423103,0.6423103,0.6423103,0.6423103,0.6423103,0.6423103,0.6423103,0.6423103,0.6423103,0.6423103,0.6423103,0.6423103,0.6423103,0.6423103,0.6423103,0.6423103,0.6423103,0.6423103,0.6423103,0.6423103,0.6423103,0.6423103,0.6423103,0.6423103,0.6423103,0.6423103,0.6423103,0.6423103,0.6423103,0.6423103,0.6423103,0.6423103,0.6423103,0.6423103,0.6423103,0.6423103,0.6423103,0.6423103,0.6423103,0.6423103,0.6423103,0.6423103,0.6423103,0.6423103,0.6423103,0.6423103,0.6423103,0.6423103,0.6423103,0.6423103,0.6423103,0.6423103,0.6423103,0.6423103,0.6423103,0.6423103,0.6423103,0.6423103,0.6423103,0.6423103,0.6423103,0.6423103,0.6423103,0.6423103,0.6423103,0.6423103,0.6423103,0.6423103,0.6423103,0.6423103,0.6423103,0.6423103,0.6423103,0.6423103,0.6423103,0.6423103,0.6423103,0.6423103,0.6423103,0.6423103,0.6423103,0.6423103,0.6423103,0.6423103,0.6423103,0.6423103,0.6423103,0.6423103
0.6423103,0.6423103,0.6423103,0.6423103,0.6423103,0.6423103,0.6423103,0.6423103,0.6423103,0.6423103,0.6423103,0.6423103,0.6423103,0.6423103,0.6423103,0.6423103,0.6423103,0.6423103,0.6423103,0.6423103,0.6423103,0.6423103,0.6423103,0.6423103,0.6423103,0.6423103,0.6423103,0.6423103,0.6423103,0.6423103,0.6423103,0.6423103,0.6423103,0.6423103,0.6423103,0.6423103,0.6423103,0.6423103,0.6423103,0.6423103,0.6423103,0.6423103,0.6423103,0.6423103,0.6423103,0.6423103,0.6423103,0.6423103,0.6423103,0.6423103,0.6423103,0.6423103,0.6423103,0.6423103,0.6423103,0.6423103,0.6423103,0.6423103,0.6423103,0.6423103,0.6423103,0.6423103,0.6423103,0.6423103,0.6423103,0.6423103,0.6423103,0.6423103,0.6423103,0.6423103,0.6423103,0.6423103,0.6423103,0.6423103,0.6423103,0.6423103,0.6423103,0.6423103,0.6423103,0.6423103,0.6423103,0.6423103,0.6423103,0.6423103,0.6423103,0.6423103,0.6423103,0.6423103,0.6423103,0.6423103,0.6423103,0.6423103,0.6423103,0.6423103,0.6423103,0.6423103,0.6423103
0.6423103,0.6423103,0.6423103,0.6423103,0.6423103,0.6423103,0.6423103,0.6423103,0.6423103,0.6423103,0.6423103,0.6423103,0.6423103,0.6423103,0.6423103,0.6423103,0.6423103,0.6423103,0.6423103,0.6423103,0.6423103,0.6423103,0.6423103,0.6423103,0.6423103,0.6423103,0.6423103,0.6423103,0.6423103,0.6423103,0.6423103,0.6423103,0.6423103,0.6423103,0.6423103,0.6423103,0.6423103,0.6423103,0.6423103,0.6423103,0.6423103,0.6423103,0.6423103,0.6423103,0.6423103,0.6423103,0.6423103,0.6423103,0.6423103,0.6423103,0.6423103,0.6423103,0.6423103,0.6423103,0.6423103,0.6423103,0.6423103,0.6423103,0.6423103,0.6423103,0.6423103,0.6423103,0.6423103,0.6423103,0.6423103,0.6423103,0.6423103,0.6423103,0.6423103,0.6423103,0.6423103,0.6423103,0.6423103,0.6423103,0.6423103,0.6423103,0.6423103,0.6423103,0.6423103,0.6423103,0.6423103,0.6423103,0.6423103,0.6423103,0.6423103,0.6423103,0.6423103,0.6423103,0.6423103,0.6423103,0.6423103,0.6423103,0.6423103,0.6423103,0.6423103,0.6423103,0.6423103
0.6423103,0.6423103,0.6423103,0.6423103,0.6423103,0.6423103,0.6423103,0.6423103,0.6423103,0.6423103,0.6423103,0.6423103,0.6423103,0.6423103,0.6423103,0.6423103,0.6423103,0.6423103,0.6423103,0.6423103,0.6423103,0.6423103,0.6423103,0.6423103,0.6423103,0.6423103,0.6423103,0.6423103,0.6423103,0.6423103,0.6423103,0.6423103,0.6423103,0.6423103,0.6423103,0.6423103,0.6423103,0.6423103,0.6423103,0.6423103,0.6423103,0.6423103,0.6423103,0.6423103,0.6423103,0.6423103,0.6423103,0.6423103,0.6423103,0.6423103,0.6423103,0.6423103,0.6423103,0.6423103,0.6423103,0.6423103,0.6423103,0.6423103,0.6423103,0.6423103,0.6423103,0.6423103,0.6423103,0.6423103,0.6423103,0.6423103,0.6423103,0.6423103,0.6423103,0.6423103,0.6423103,0.6423103,0.6423103,0.6423103,0.6423103,0.6423103,0.6423103,0.6423103,0.6423103,0.6423103,0.6423103,0.6423103,0.6423103,0.6423103,0.6423103,0.6423103,0.6423103,0.6423103,0.6423103,0.6423103,0.6423103,0.6423103,0.6423103,0.6423103,0.6423103,0.6423103,0.6423103
0.6423103,0.6423103,0.6423103,0.6423103,0.6423103,0.6423103,0.6423103,0.6423103,0.6423103,0.6423103,0.6423103,0.6423103,0.6423103,0.6423103,0.6423103,0.6423103,0.6423103,0.6423103,0.6423103,0.6423103,0.6423103,0.6423103,0.6423103,0.6423103,0.6423103,0.6423103,0.6423103,0.6423103,0.6423103,0.6423103,0.6423103,0.6423103,0.6423103,0.6423103,0.6423103,0.6423103,0.6423103,0.6423103,0.6423103,0.6423103,0.6423103,0.6423103,0.6423103,0.6423103,0.6423103,0.6423103,0.6423103,0.6423103,0.6423103,0.6423103,0.6423103,0.6423103,0.6423103,0.6423103,0.6423103,0.6423103,0.6423103,0.6423103,0.6423103,0.6423103,0.6423103,0.6423103,0.6423103,0.6423103,0.6423103,0.6423103,0.6423103,0.6423103,0.6423103,0.6423103,0.6423103,0.6423103,0.6423103,0.6423103,0.6423103,0.6423103,0.6423103,0.6423103,0.6423103,0.6423103,0.6423103,0.6423103,0.6423103,0.6423103,0.6423103,0.6423103,0.6423103,0.6423103,0.6423103,0.6423103,0.6423103,0.6423103,0.6423103,0.6423103,0.6423103,0.6423103,0.6423103
0.6423103,0.6423103,0.6423103,0.6423103,0.6423103,0.6423103,0.6423103,0.6423103,0.6423103,0.6423103,0.6423103,0.6423103,0.6423103,0.6423103,0.6423103,0.6423103,0.6423103,0.6423103,0.6423103,0.6423103,0.6423103,0.6423103,0.6423103,0.6423103,0.6423103,0.6423103,0.6423103,0.6423103,0.6423103,0.6423103,0.6423103,0.6423103,0.6423103,0.6423103,0.6423103,0.6423103,0.6423103,0.6423103,0.6423103,0.6423103,0.6423103,0.6423103,0.6423103,0.6423103,0.6423103,0.6423103,0.6423103,0.6423103,0.6423103,0.6423103,0.6423103,0.6423103,0.6423103,0.6423103,0.6423103,0.6423103,0.6423103,0.6423103,0.6423103,0.6423103,0.6423103,0.6423103,0.6423103,0.6423103,0.6423103,0.6423103,0.6423103,0.6423103,0.6423103,0.6423103,0.6423103,0.6423103,0.6423103,0.6423103,0.6423103,0.6423103,0.6423103,0.6423103,0.6423103,0.6423103,0.6423103,0.6423103,0.6423103,0.6423103,0.6423103,0.6423103,0.6423103,0.6423103,0.6423103,0.6423103,0.6423103,0.6423103,0.6423103,0.6423103,0.6423103,0.6423103,0.6423103
0.6423103,0.6423103,0.6423103,0.6423103,0.6423103,0.6423103,0.6423103,0.6423103,0.6423103,0.6423103,0.6423103,0.6423103,0.6423103,0.6423103,0.6423103,0.6423103,0.6423103,0.6423103,0.6423103,0.6423103,0.6423103,0.6423103,0.6423103,0.6423103,0.6423103,0.6423103,0.6423103,0.6423103,0.6423103,0.6423103,0.6423103,0.6423103,0.6423103,0.6423103,0.6423103,0.6423103,0.6423103,0.6423103,0.6423103,0.6423103,0.6423103,0.6423103,0.6423103,0.6423103,0.6423103,0.6423103,0.6423103,0.6423103,0.6423103,0.6423103,0.6423103,0.6423103,0.6423103,0.6423103,0.6423103,0.6423103,0.6423103,0.6423103,0.6423103,0.6423103,0.6423103,0.6423103,0.6423103,0.6423103,0.6423103,0.6423103,0.6423103,0.6423103,0.6423103,0.6423103,0.6423103,0.6423103,0.6423103,0.6423103,0.6423103,0.6423103,0.6423103,0.6423103,0.6423103,0.6423103,0.6423103,0.6423103,0.6423103,0.6423103,0.6423103,0.6423103,0.6423103,0.6423103,0.6423103,0.6423103,0.6423103,0.6423103,0.6423103,0.6423103,0.6423103,0.6423103,0.6423103
0.6423103,0.6423103,0.6423103,0.6423103,0.6423103,0.6423103,0.6423103,0.6423103,0.6423103,0.6423103,0.6423103,0.6423103,0.6423103,0.6423103,0.6423103,0.6423103,0.6423103,0.6423103,0.6423103,0.6423103,0.6423103,0.6423103,0.6423103,0.6423103,0.6423103,0.6423103,0.6423103,0.6423103,0.6423103,0.6423103,0.6423103,0.6423103,0.6423103,0.6423103,0.6423103,0.6423103,0.6423103,0.6423103,0.6423103,0.6423103,0.6423103,0.6423103,0.6423103,0.6423103,0.6423103,0.6423103,0.6423103,0.6423103,0.6423103,0.6423103,0.6423103,0.6423103,0.6423103,0.6423103,0.6423103,0.6423103,0.6423103,0.6423103,0.6423103,0.6423103,0.6423103,0.6423103,0.6423103,0.6423103,0.6423103,0.6423103,0.6423103,0.6423103,0.6423103,0.6423103,0.6423103,0.6423103,0.6423103,0.6423103,0.6423103,0.6423103,0.6423103,0.6423103,0.6423103,0.6423103,0.6423103,0.6423103,0.6423103,0.6423103,0.6423103,0.6423103,0.6423103,0.6423103,0.6423103,0.6423103,0.6423103,0.6423103,0.6423103,0.6423103,0.6423103,0.6423103,0.6423103
